,,,,,,,,,,,,,,,,,,,,,,,,,,,,,,,,,,,,,,,,,,,,,,,,,,,,,,,,,,,,,,,,,,,,,,,,,,,,,,,,,
,,,,,,2026 Wk1,AIO,2026 Wk2,AIO,2026 Wk3,AIO,2026 Wk4,AIO,2026 Wk5,AIO,2026 Wk6,AIO,2026 Wk7,AIO,2026 Wk8,AIO,2026 Wk9,AIO,2026 Wk10,AIO,2026 Wk11,AIO,2026 Wk12,AIO,2026 Wk13,AIO,2026 Wk14,AIO,2026 Wk15,AIO,2026 Wk16,AIO,2026 Wk17,AIO,2026 Wk18,AIO,2026 Wk19,AIO,2026 Wk20,AIO,2026 Wk21,AIO,2026 Wk22,AIO,2026 Wk23,AIO,2026 Wk24,AIO,2026 Wk25,AIO,2026 Wk26,AIO,2026 Wk27,AIO,2026 Wk28,AIO,2026 Wk29,AIO,2026 Wk30,AIO,2026 Wk31,AIO,2026 Wk32,AIO,2026 Wk33,AIO,2026 Wk34,AIO,2026 Wk35,AIO,2026 Wk36,AIO,Position Range,Trendline,Key Metrics,
,,,# of keywords on position 1,,,1,,1,,3,,3,,2,,2,,0,,0,,0,,0,,0,,0,,0,,0,,0,,0,,1,,1,,1,,2,,2,,2,,2,,2,,2,,2,,2,,2,,2,,2,,2,,2,,3,,2,,2,,2,,,,# of keywords on position 1,
,,,# of keywords on position 2 & 3,,,1,,2,,0,,0,,1,,2,,3,,3,,3,,2,,2,,3,,2,,4,,4,,5,,6,,6,,6,,3,,3,,4,,3,,4,,2,,2,,2,,1,,2,,6,,5,,5,,3,,2,,3,,4,,,,# of keywords on position 2 & 3,
,,,# of keywords on position 4 to 10,,,9,,7,,7,,7,,5,,5,,9,,10,,11,,14,,14,,13,,14,,9,,9,,6,,5,,5,,5,,6,,7,,4,,5,,5,,5,,6,,7,,6,,5,,6,,7,,6,,7,,10,,9,,8,,,,# of keywords on position 4 to 10,
,,,# of keywords on page 1,,,11,,10,,10,,10,,8,,9,,12,,13,,14,,16,,16,,16,,16,,13,,13,,11,,12,,12,,12,,11,,12,,10,,10,,11,,9,,10,,11,,9,,9,,14,,14,,13,,13,,14,,14,,14,,,,# of keywords on page 1,
Fre,,,# of keywords on page 2 & 3,,,6,,7,,6,,7,,9,,8,,5,,4,,3,,1,,1,,1,,1,,4,,4,,6,,5,,4,,4,,6,,5,,7,,8,,6,,7,,7,,6,,8,,8,,4,,4,,5,,5,,4,,4,,3,,,,# of keywords on page 2 & 3,
,,,# of keywords on page 4 & 10,,,0,,0,,1,,0,,0,,0,,0,,0,,0,,0,,0,,1,,1,,1,,1,,1,,1,,2,,1,,1,,1,,1,,0,,1,,1,,0,,0,,1,,1,,0,,0,,0,,0,,0,,0,,1,,,,# of keywords on page 4 & 10,
,,,# of keywords wihtout ranking,,,1,,1,,1,,1,,1,,1,,1,,1,,1,,1,,1,,0,,0,,0,,0,,0,,0,,0,,1,,0,,0,,0,,0,,0,,1,,1,,1,,0,,0,,0,,0,,0,,0,,0,,0,,0,,,,# of keywords wihtout ranking,
,,,# of AIO keywords ranking,,,2,,3,,3,,4,,2,,4,,4,,5,,3,,4,,5,,2,,6,,6,,5,,5,,5,,5,,5,,6,,4,,5,,6,,6,,5,,6,,7,,6,,10,,9,,9,,9,,5,,7,,6,,6,,,,# of AIO keywords ranking,
,,,Total # of keywords,,,18,,18,,18,,18,,18,,18,,18,,18,,18,,18,,18,,18,,18,,18,,18,,18,,18,,18,,18,,18,,18,,18,,18,,18,,18,,18,,18,,18,,18,,18,,18,,18,,18,,18,,18,,18,,,,Total # of keywords,
,,,,,,,,,,,,,,,,,,,,,,,,,,,,,,,,,,,,,,,,,,,,,,,,,,,,,,,,,,,,,,,,,,,,,,,,,,,,,,,,,
,,,,,,,,,,,,,,,,,,,,,,,,,,,,,,,,,,,,,,,,,,,,,,,,,,,,,,,,,,,,,,,,,,,,,,,,,,,,,,,,,
,,,,,,,,,,,,,,,,,,,,,,,,,,,,,,,,,,,,,,,,,,,,,,,,,,,,,,,,,,,,,,,,,,,,,,,,,,,,,,,,,
S.No,URLs,Categories,Keywords,SV,KD,2026 Wk1,AIO,2026 Wk2,AIO,2026 Wk3,AIO,2026 Wk4,AIO,2026 Wk5,AIO,2026 Wk6,AIO,2026 Wk7,AIO,2026 Wk8,AIO,2026 Wk9,AIO,2026 Wk10,AIO,2026 Wk11,AIO,2026 Wk12,AIO,2026 Wk13,AIO,2026 Wk14,AIO,2026 Wk15,AIO,2026 Wk16,AIO,2026 Wk17,AIO,2026 Wk18,AIO,2026 Wk19,AIO,2026 Wk20,AIO,2026 Wk21,AIO,2026 Wk22,AIO,2026 Wk23,AIO,2026 Wk24,AIO,2026 Wk25,AIO,2026 Wk26,AIO,2026 Wk27,AIO,2026 Wk28,AIO,2026 Wk29,AIO,2026 Wk30,AIO,2026 Wk31,AIO,2026 Wk32,AIO,2026 Wk33,AIO,2026 Wk34,AIO,2026 Wk35,AIO,2026 Wk36,AIO,Position Range,Trendline,Current vs Previous week,Baseline vs Current Week
1,https://www.fortinet.com/resources/cyberglossary/what-is-network-security,Network Security,Network Security,1300,48,6,No,9,No,10,No,11,No,13,No,14,No,6,No,5,No,3,No,4,No,5,No,3,No,3,Yes,3,Yes,2,Yes,3,Yes,2,Yes,3,Yes,2,Yes,2,Yes,2,Yes,2,Yes,3,Yes,7,Yes,11,No,8,Yes,5,Yes,11,Yes,14,Yes,2,Yes,2,Yes,4,Yes,4,No,3,No,8,Yes,2,Yes,Page 1,,6,#REF!
2,https://www.fortinet.com/resources/cyberglossary/quantum-security,Quantum Security,Quantum Security,720,41,7,No,6,No,7,No,8,No,8,No,8,No,8,No,6,No,6,No,5,No,6,No,5,No,5,No,6,No,6,No,4,No,5,No,4,No,3,No,4,No,4,No,3,No,2,Yes,2,Yes,2,Yes,3,Yes,6,Yes,4,Yes,6,No,5,No,4,No,4,No,4,Yes,6,Yes,7,Yes,7,Yes,Page 1,,0,#REF!
3,https://www.fortinet.com/resources/cyberglossary/what-is-cybersecurity,Cyber Security,What Is Cybersecurity,9900,77,9,No,9,No,12,No,13,No,16,No,14,No,10,No,9,No,9,No,10,No,10,No,8,No,7,No,7,No,11,No,11,No,9,No,10,No,9,No,9,No,10,No,11,No,11,No,9,No,9,No,9,No,10,No,10,No,12,Yes,6,Yes,6,Yes,6,Yes,9,No,10,No,18,No,8,No,Page 1,,10,#REF!
4,https://www.fortinet.com/resources/cyberglossary/privileged-access-management,SASE,Privileged Access Management,6600,62,10,No,13,No,12,Yes,15,No,20,No,22,No,17,No,11,No,15,No,9,Yes,9,Yes,9,No,10,No,14,No,13,Yes,13,No,11,No,18,No,21,No,20,No,7,No,11,No,11,No,13,No,13,No,11,No,13,No,12,No,13,No,16,No,18,No,17,No,19,No,25,No,21,No,25,No,Page 3,,-4,#REF!
5,https://www.fortinet.com/resources/cyberglossary/application-security,Network Security,Application Security,4400,49,17,No,19,No,31,No,18,No,18,No,25,No,17,No,11,No,12,No,22,No,21,No,16,No,14,No,17,No,16,No,15,No,14,No,18,No,22,No,20,No,11,No,13,No,21,No,21,No,21,No,18,No,19,No,15,No,22,Yes,22,Yes,29,No,20,No,26,No,16,No,5,No,35,No,Page 2,,-30,#REF!
6,https://www.fortinet.com/resources/cyberglossary/ai-security,AI Security,AI Security,4400,67,8,No,11,No,11,No,9,No,11,No,12,No,9,No,11,No,11,No,8,No,9,No,7,Yes,7,Yes,9,Yes,4,No,13,No,14,No,17,No,17,No,17,No,17,No,22,No,18,No,17,No,18,No,15,No,11,Yes,12,No,11,No,12,No,11,No,11,No,12,No,12,Yes,11,No,11,No,Page 2,,0,#REF!
7,https://www.fortinet.com/resources/cyberglossary/what-is-cloud-security,Cloud Security,Cloud Security,1300,54,18,No,13,No,15,No,14,No,14,No,16,No,14,No,14,No,9,No,9,No,8,No,7,No,8,No,13,No,9,No,12,No,14,No,12,No,14,No,15,No,21,No,21,No,16,No,11,No,23,No,15,Yes,10,No,23,No,18,Yes,2,Yes,2,Yes,3,Yes,4,No,5,No,3,No,4,No,Page 1,,-1,#REF!
8,https://www.fortinet.com/resources/cyberglossary/cloud-data-protection,Data Security,Cloud Data Protection,1300,42,15,Yes,13,Yes,17,Yes,19,Yes,22,No,17,No,15,No,8,No,8,No,10,No,7,No,8,No,10,No,12,No,7,No,13,No,19,No,44,No,47,No,45,No,38,No,36,No,18,No,35,No,35,No,30,No,25,No,27,No,26,Yes,2,Yes,3,Yes,3,Yes,3,No,4,No,3,No,3,No,Page 1,,0,#REF!
9,https://www.fortinet.com/resources/cyberglossary/firewall,NGFW/firewall,Firewall,27100,74,7,No,8,No,7,No,7,No,7,No,7,Yes,6,Yes,5,Yes,4,Yes,3,Yes,4,Yes,4,No,4,Yes,3,Yes,3,No,4,Yes,3,Yes,3,No,2,No,2,Yes,2,Yes,2,Yes,2,Yes,2,Yes,2,Yes,2,Yes,2,Yes,2,Yes,2,No,8,No,6,No,9,No,9,Yes,9,Yes,6,Yes,7,Yes,Page 1,,-1,#REF!
10,https://www.fortinet.com/resources/cyberglossary/quantum-key-distribution,Quantum Security,Quantum Key Distribution,1000,45,7,No,7,No,7,No,10,No,9,No,8,No,7,No,9,No,7,No,5,No,8,No,2,No,4,No,4,No,3,No,4,No,5,Yes,4,Yes,4,Yes,4,Yes,5,Yes,7,Yes,6,Yes,3,Yes,6,Yes,6,Yes,6,Yes,6,Yes,2,Yes,2,Yes,2,Yes,2,Yes,1,Yes,3,Yes,3,Yes,4,Yes,Page 1,,-1,#REF!
11,https://www.fortinet.com/resources/cyberglossary/post-quantum-cryptography,Quantum Security,Post Quantum Cryptography,3600,76,17,No,2,No,1,No,1,Yes,2,Yes,2,No,2,No,2,Yes,4,No,9,No,4,Yes,9,No,5,No,2,No,20,No,3,No,3,No,2,No,2,No,2,No,2,No,3,No,10,No,2,No,19,No,18,No,2,No,17,No,10,Yes,18,Yes,22,Yes,21,No,11,Yes,12,No,9,No,7,No,Page 1,,2,#REF!
12,https://www.fortinet.com/resources/cyberglossary/quantum-computing-security,Quantum Security,Quantum Computing Security,110,34,8,No,4,No,4,No,4,No,4,No,3,No,4,No,4,No,6,No,5,No,6,No,6,No,6,Yes,6,Yes,9,Yes,2,Yes,3,Yes,2,Yes,3,Yes,7,Yes,7,No,7,No,7,No,5,No,5,No,4,No,4,No,5,No,5,Yes,3,No,2,Yes,2,Yes,3,No,4,No,4,No,2,No,Page 1,,2,#REF!
13,https://www.fortinet.com/resources/cyberglossary/quantum-safe-security,Quantum Security,Quantum Safe Security,70,48,3,Yes,3,Yes,1,Yes,1,Yes,1,Yes,1,Yes,3,Yes,2,Yes,2,Yes,2,Yes,2,No,3,No,2,No,2,No,2,No,2,No,1,No,1,No,1,Yes,1,Yes,1,Yes,1,Yes,1,Yes,1,Yes,1,Yes,1,No,1,No,1,No,1,No,1,No,1,Yes,1,No,1,No,1,No,1,No,1,No,Page 1,,0,#REF!
14,https://www.fortinet.com/resources/cyberglossary/sase,SASE,SASE,14800,69,1,No,1,Yes,1,No,1,Yes,1,No,1,Yes,2,Yes,2,Yes,3,No,4,No,3,Yes,4,No,6,Yes,4,No,4,Yes,2,Yes,2,No,2,Yes,2,No,1,Yes,1,No,1,Yes,1,Yes,1,Yes,1,No,1,Yes,1,Yes,1,Yes,1,No,1,Yes,1,No,1,No,1,Yes,1,Yes,1,Yes,1,Yes,Page 1,,0,#REF!
15,https://www.fortinet.com/resources/cyberglossary/what-is-secops,Security Operations (SecOps),Secops,1900,47,13,No,13,No,9,No,10,No,12,No,10,Yes,5,Yes,5,Yes,5,No,4,Yes,5,No,5,Yes,6,Yes,7,Yes,6,Yes,6,No,7,No,6,No,5,No,8,No,9,No,8,No,7,No,10,No,10,Yes,8,No,11,No,10,Yes,9,Yes,7,Yes,9,No,7,Yes,6,No,9,Yes,8,Yes,10,Yes,Page 1,,-2,#REF!
16,https://www.fortinet.com/resources/cyberglossary/what-is-zero-trust,ZTNA,Zero Trust,9900,83,-,No,-,No,-,No,-,No,-,No,-,No,-,No,-,No,-,No,-,No,-,No,54,No,67,No,66,No,56,No,60,No,63,No,57,No,-,No,24,No,24,No,24,No,24,No,24,No,-,No,-,No,-,No,57,No,57,Yes,3,No,4,No,3,Yes,2,No,5,No,4,No,3,No,Page 1,,1,#REF!
17,https://www.fortinet.com/resources/cyberglossary/network-monitoring,Network Security,Network Monitoring,3600,52,21,No,23,No,19,No,17,No,17,No,19,No,15,No,5,No,10,Yes,9,No,6,Yes,7,No,8,No,7,No,8,No,8,No,8,No,10,No,10,No,13,No,12,No,13,No,11,No,13,No,16,No,18,No,11,Yes,14,No,11,No,10,No,10,Yes,8,Yes,8,No,10,No,8,No,10,No,Page 1,,-2,#REF!
18,https://www.fortinet.com/resources/cyberglossary/ransomware,Cyber Threats,Ransomware,33100,84,6,No,6,No,7,No,5,No,4,No,6,No,6,No,6,No,7,No,6,No,5,No,5,No,5,No,6,Yes,5,No,4,Yes,2,Yes,3,Yes,6,Yes,6,No,7,No,8,No,6,No,8,No,8,No,7,No,8,No,8,No,8,No,9,No,7,No,11,No,11,No,10,Yes,16,No,13,No,Page 2,,3,#REF!