,,,,,
,,,,,
,,,,,
,,,,,2026 Wk32
,,# of keywords on page 1,,,422
,,# of keywords on page 2,,,67
,,# of keywords on page 3,,,33
,,,,,15
Fre,,# of keywords on position 1,,,114
Value Improved or remained same as compared to previous column,,,,,109
,,,,,109
,,# of keywords wihtout ranking,,,8
,,,,,0
Value dropped as compared to previous column,,,,,
,,# of keywords with positive movement,,,125
CyberGlossary(Profound),,# of keywords with No movement,,,260
,,# of keywords with negative movement,,,152
,,Total # of keywords,,,545
,,,,,
S.No,URLs,Keywords ,SV,KD,Position
1,https://www.fortinet.com/resources/cyberglossary/aiops-future-of-it-operations,AIops,1300,69,25
2,https://www.fortinet.com/resources/cyberglossary/ai-data-centers,AI Data Center,2900,36,2
3,https://www.fortinet.com/resources/cyberglossary/aws-compliance,AWS Compliance,590,69,4
4,https://www.fortinet.com/resources/cyberglossary/virtual-cloud-network,Virtual Cloud Network,70,49,12
5,https://www.fortinet.com/resources/cyberglossary/cloud-infrastructure,Cloud Infrastructure,3600,57,13
6,https://www.fortinet.com/resources/cyberglossary/what-is-hybrid-cloud,Hybrid Cloud,4400,62,24
7,https://www.fortinet.com/resources/cyberglossary/hybrid-cloud-security,Hybrid Cloud Security,1300,31,10
8,https://www.fortinet.com/resources/cyberglossary/cloud-security-posture-management,Cspm,5400,26,8
9,https://www.fortinet.com/resources/cyberglossary/what-is-cloud-native,Cloud Native,2900,81,9
10,https://www.fortinet.com/resources/cyberglossary/secure-web-gateways,Secure Web Gateway,4400,60,4
11,https://www.fortinet.com/resources/cyberglossary/cloud-security-tools,Cloud Security Tools,2900,23,6
12,https://www.fortinet.com/resources/cyberglossary/cloud-security-architecture,Cloud Security Architecture,2400,33,5
13,https://www.fortinet.com/resources/cyberglossary/cloud-security-best-practices,Cloud Security Best Practices,3600,50,14
14,https://www.fortinet.com/resources/cyberglossary/multi-cloud-security,multi cloud security,320,27,17
15,https://www.fortinet.com/resources/cyberglossary/cloud-native-firewalls,Cloud Native Firewall,50,38,23
16,https://www.fortinet.com/resources/cyberglossary/cloud-application-security,Cloud Application Security,1000,20,10
17,https://www.fortinet.com/resources/cyberglossary/public-vs-private-cloud,private cloud vs public cloud,3600,28,9
18,https://www.fortinet.com/resources/cyberglossary/distributed-firewall,Distributed Firewall,50,22,27
19,https://www.fortinet.com/resources/cyberglossary/stateful-firewall,Stateful Firewall,1600,31,42
20,https://www.fortinet.com/resources/cyberglossary/dns-firewall,DNS Firewall,320,30,9
21,https://www.fortinet.com/resources/cyberglossary/firewall-design-principles,Firewall Design Principles,30,,15
22,https://www.fortinet.com/resources/cyberglossary/what-is-network-security,Network Security,1300,48,4
23,https://www.fortinet.com/resources/cyberglossary/ot-security-best-practices,OT Security Best Practices,140,19,2
24,https://www.fortinet.com/resources/cyberglossary/ot-network-segmentation-and-microsegmentation,Ot Network Segmentation,140,6,10
25,https://www.fortinet.com/resources/cyberglossary/ics-scada,ics scada,90,14,21
26,https://www.fortinet.com/resources/cyberglossary/quantum-security,Quantum Security,720,41,4
27,https://www.fortinet.com/resources/cyberglossary/sase-benefits,SASE Benefits,720,17,1
28,https://www.fortinet.com/resources/cyberglossary/sd-wan-architecture,sd wan architecture,320,19,24
29,https://www.fortinet.com/resources/cyberglossary/sd-wan-costs,sd wan cost,110,9,7
30,https://www.fortinet.com/resources/cyberglossary/zero-trust-architecture,Zero Trust Architecture,6600,78,6
31,https://www.fortinet.com/resources/cyberglossary/zero-trust-for-the-cloud,Zero Trust Cloud,390,48,4
32,https://www.fortinet.com/resources/cyberglossary/vpn-wifi,Public Wifi,1000,52,4
33,https://www.fortinet.com/resources/cyberglossary/threat-hunting,Threat Hunting,4400,40,20
34,https://www.fortinet.com/resources/cyberglossary/information-security,information security,1000,52,28
35,https://www.fortinet.com/resources/cyberglossary/oauth,Oauth,12100,71,2
36,https://www.fortinet.com/resources/cyberglossary/credential-stuffing,Credential Stuffing,3600,55,4
37,https://www.fortinet.com/resources/cyberglossary/malvertising,Malvertising,1900,53,5
38,https://www.fortinet.com/resources/cyberglossary/edge-computing,edge computing,3600,67,19
39,https://www.fortinet.com/resources/cyberglossary/wannacry-ransomware-attack,Wannacry Ransomware Attack,2900,65,8
40,https://www.fortinet.com/resources/cyberglossary/authentication-vs-authorization,Authentication Vs Authorization,3600,47,3
41,https://www.fortinet.com/resources/cyberglossary/email-spoofing,EmAIl Spoofing,2400,56,2
42,https://www.fortinet.com/resources/cyberglossary/cybersecurity-analytics,Cybersecurity Analytics,480,28,2
43,https://www.fortinet.com/resources/cyberglossary/worm-virus,Worm Virus,1300,38,3
44,https://www.fortinet.com/resources/cyberglossary/computer-virus,Computer Viruses,2400,49,12
45,https://www.fortinet.com/resources/cyberglossary/vpn-blocker,VPN Blocker,2900,68,4
46,https://www.fortinet.com/resources/cyberglossary/dns-poisoning,DNS Poisioning,20,,2
47,https://www.fortinet.com/resources/cyberglossary/cyber-warfare,Cyberwarfare,1600,55,2
48,https://www.fortinet.com/resources/cyberglossary/indicators-of-compromise,Indicators Of Compromise,4400,51,2
49,https://www.fortinet.com/resources/cyberglossary/file-transfer-protocol-ftp-meaning,File Transfer Protocol,1600,49,2
50,https://www.fortinet.com/resources/cyberglossary/kerberos-authentication,Kerberos Authentication,1900,43,14
51,https://www.fortinet.com/resources/cyberglossary/network-address-translation,What Is Nat,4400,48,2
52,https://www.fortinet.com/resources/cyberglossary/what-is-an-ips,What Is An IPS,720,38,5
53,https://www.fortinet.com/resources/cyberglossary/hardware-security-module,what is hsm,14800,71,2
54,https://www.fortinet.com/resources/cyberglossary/what-is-ethernet-switching,Ethernet Switching,260,33,19
55,https://www.fortinet.com/resources/cyberglossary/buffer-overflow,Buffer Overflow,2900,56,2
56,https://www.fortinet.com/resources/cyberglossary/internet-control-message-protocol-icmp,Icmp,12100,75,6
57,https://www.fortinet.com/resources/cyberglossary/fault-tolerance,Fault Tolerance,2400,44,2
58,https://www.fortinet.com/resources/cyberglossary/dns-protection,DNS Protection,590,47,4
59,https://www.fortinet.com/resources/cyberglossary/data-leak,Data Leak,4400,65,4
60,https://www.fortinet.com/resources/cyberglossary/latency,Latency,33100,67,4
61,https://www.fortinet.com/resources/cyberglossary/catfishing,What Is Catfishing,8100,48,2
62,https://www.fortinet.com/resources/cyberglossary/smb-cyberattacks,cyber attacks on small business,30,,19
63,https://www.fortinet.com/resources/cyberglossary/ping-of-death,Ping Of Death,880,30,4
64,https://www.fortinet.com/resources/cyberglossary/security-service-edge-sse,What Is Sse,1300,20,20
65,https://www.fortinet.com/resources/cyberglossary/mobile-app-security,Mobile App Security,1600,20,2
66,https://www.fortinet.com/resources/cyberglossary/peer-to-peer-p2p-vpn,P2P VPN,3600,43,1
67,https://www.fortinet.com/resources/cyberglossary/runtime-application-self-protection-rasp,Runtime Application Self-Protection,320,32,8
68,https://www.fortinet.com/resources/cyberglossary/enterprise-security,Enterprise Security,2400,43,2
69,https://www.fortinet.com/resources/cyberglossary/cryptojacking,Cryptojacking,1600,56,7
70,https://www.fortinet.com/resources/cyberglossary/smishing,Smishing,18100,52,7
71,https://www.fortinet.com/resources/cyberglossary/shadow-it,Shadow It,3600,50,17
72,https://www.fortinet.com/resources/cyberglossary/data-center,What Is Data Center,590,52,3
73,https://www.fortinet.com/resources/cyberglossary/data-integrity,Data Integrity,5400,55,7
74,https://www.fortinet.com/resources/cyberglossary/wardriving,Wardriving,1900,44,3
75,https://www.fortinet.com/resources/cyberglossary/ssl-vpn,SSL VPN,4400,55,5
76,https://www.fortinet.com/resources/cyberglossary/snort,Snort,6600,66,7
77,https://www.fortinet.com/resources/cyberglossary/zero-day-attack,Zero-Day Attack,1000,50,2
78,https://www.fortinet.com/resources/cyberglossary/vulnerability-scanning-compare,Vulnerability Scanning Vs Penetration Testing,390,25,1
79,https://www.fortinet.com/resources/cyberglossary/api-security,Api Security,3600,55,6
80,https://www.fortinet.com/resources/cyberglossary/what-is-cryptography,Cryptography,22200,77,2
81,https://www.fortinet.com/resources/cyberglossary/doxing,Doxing,27100,56,2
82,https://www.fortinet.com/resources/cyberglossary/access-control,access control,1000,66,2
83,https://www.fortinet.com/resources/cyberglossary/dkim-record,Dkim Record,1300,64,4
84,https://www.fortinet.com/resources/cyberglossary/saml-vs-oauth,Saml Vs Oauth Vs Open Id,20,,13
85,https://www.fortinet.com/resources/cyberglossary/csrf,Csrf Attack,1300,65,11
86,https://www.fortinet.com/resources/cyberglossary/captcha,What Is CAPTCHA?,33100,81,5
87,https://www.fortinet.com/resources/cyberglossary/cve,Common Vulnerabilities And Exposures,6600,91,21
88,https://www.fortinet.com/resources/cyberglossary/reverse-proxy,Reverse Proxy,6600,69,7
89,https://www.fortinet.com/resources/cyberglossary/scada-and-scada-systems,What Is Scada,10,,4
90,https://www.fortinet.com/resources/cyberglossary/identity-and-access-management,Identity And Access Management,5400,65,4
91,https://www.fortinet.com/resources/cyberglossary/what-is-cybersecurity,What Is Cybersecurity,9900,77,6
92,https://www.fortinet.com/resources/cyberglossary/soc-2-compliance,What Is SOC 2 Compliance,1000,45,3
93,https://www.fortinet.com/resources/cyberglossary/what-is-cobit,Cobit,3600,41,7
94,https://www.fortinet.com/resources/cyberglossary/iot,What Is IOT?,9900,75,21
95,https://www.fortinet.com/resources/cyberglossary/enterprise-architecture,Enterprise Architecture,3600,46,3
96,https://www.fortinet.com/resources/cyberglossary/disaster-recovery,Disaster Recovery,8100,74,11
97,https://www.fortinet.com/resources/cyberglossary/pii,Personally Identifiable Information,12100,64,6
98,https://www.fortinet.com/resources/cyberglossary/osi-model,Osi Model,33100,59,2
99,https://www.fortinet.com/resources/cyberglossary/owasp,Owasp,14800,72,11
100,https://www.fortinet.com/resources/cyberglossary/role-based-access-control,Rbac,9900,79,21
101,https://www.fortinet.com/resources/cyberglossary/what-is-cyber-attack,What Is A Cyber Attack,2900,61,21
102,https://www.fortinet.com/resources/cyberglossary/vishing-attack,Vishing Attack,1600,35,4
103,https://www.fortinet.com/resources/cyberglossary/endpoint-protection-platform,Endpoint Protection Platform,1300,39,2
104,https://www.fortinet.com/resources/cyberglossary/wan,What Is A Wan,1600,49,2
105,https://www.fortinet.com/resources/cyberglossary/ransomware-statistics,Ransomware Statistics,590,44,39
106,https://www.fortinet.com/resources/cyberglossary/ciem,Ciem,1900,36,19
107,https://www.fortinet.com/resources/cyberglossary/command-and-control-attacks,Command And Control Attack,70,19,58
108,https://www.fortinet.com/resources/cyberglossary/iot-security,IOT Security,3600,52,29
109,https://www.fortinet.com/resources/cyberglossary/what-is-packet-loss,Packet Loss,3600,54,5
110,https://www.fortinet.com/resources/cyberglossary/dynamic-application-security-testing,Dynamic Application Security Testing,1300,32,26
111,https://www.fortinet.com/resources/cyberglossary/what-is-bluekeep,Bluekeep,320,22,13
112,https://www.fortinet.com/resources/cyberglossary/it-operations,It Operations,2400,32,8
113,https://www.fortinet.com/resources/cyberglossary/advanced-persistent-threat,Advanced Persistent Threat,2900,72,26
114,https://www.fortinet.com/resources/cyberglossary/cnapp,Cnapp,5400,44,29
115,https://www.fortinet.com/resources/cyberglossary/social-engineering,SOCial Engineering,14800,74,26
116,https://www.fortinet.com/resources/cyberglossary/software-as-a-service,SAAS,90500,92,3
117,https://www.fortinet.com/resources/cyberglossary/privileged-access-management,Privileged Access Management,6600,62,17
118,https://www.fortinet.com/resources/cyberglossary/infrastructure-as-a-service,Iaas,9900,65,6
119,https://www.fortinet.com/resources/cyberglossary/data-governance,Data Governance,12100,65,5
120,https://www.fortinet.com/resources/cyberglossary/iec-62443,Iec 62443,1600,37,24
121,https://www.fortinet.com/resources/cyberglossary/digital-experience-monitoring,Digital Experience Monitoring,1000,19,2
122,https://www.fortinet.com/resources/cyberglossary/active-directory,Active Directory Cybersecurity,30,20,10
123,https://www.fortinet.com/resources/cyberglossary/what-is-scim,Scim Authentication,110,32,21
124,https://www.fortinet.com/resources/cyberglossary/application-security,Application Security,4400,49,20
125,https://www.fortinet.com/resources/cyberglossary/cyber-safety,Cyber Safety,1000,52,2
126,https://www.fortinet.com/resources/cyberglossary/cyber-resilience,Cyber Resilience,2400,48,6
127,https://www.fortinet.com/resources/cyberglossary/antivirus-protection,Antivirus Protection,4400,88,10
128,https://www.fortinet.com/resources/cyberglossary/waf-architecture,Web Application Firewall Architecture,170,45,9
129,https://www.fortinet.com/resources/cyberglossary/cybersecurity-awareness,Cybersecurity Awareness,1220000,65,3
130,https://www.fortinet.com/resources/cyberglossary/it-security,It Security,8100,43,5
131,https://www.fortinet.com/resources/cyberglossary/nist-800-53,Nist 800 53,4400,44,5
132,https://www.fortinet.com/resources/cyberglossary/nittf-cnssd-504,Nittf Cnssd 504,0,,5
133,https://www.fortinet.com/resources/cyberglossary/principle-of-least-privilege,Principle Of Least Privilege,5400,63,4
134,https://www.fortinet.com/resources/cyberglossary/sbom,Sbom,4400,46,9
135,https://www.fortinet.com/resources/cyberglossary/secret-detection,Secret Detection,50,24,8
136,https://www.fortinet.com/resources/cyberglossary/artificial-intelligence-in-cybersecurity,ai in cybersecurity,320,67,2
137,https://www.fortinet.com/resources/cyberglossary/ai-adoption,AI Adoption,1600,48,7
138,https://www.fortinet.com/resources/cyberglossary/ai-security,AI Security,4400,67,11
139,https://www.fortinet.com/resources/cyberglossary/deepfake-ai,Deep Fake AI,3600,82,5
140,https://www.fortinet.com/resources/cyberglossary/vpc,Virtual Private Cloud,1600,21,7
141,https://www.fortinet.com/resources/cyberglossary/casb,CASB,1600,50,1
142,https://www.fortinet.com/resources/cyberglossary/public-cloud-security-risks,Public Cloud Security Risks,40,25,4
143,https://www.fortinet.com/resources/cyberglossary/cloud-vpn,Cloud VPN,4400,56,2
144,https://www.fortinet.com/resources/cyberglossary/what-is-cloud-security,cloud security,1300,54,3
145,https://www.fortinet.com/resources/cyberglossary/cloud-data-protection,Cloud Data Protection,1300,42,3
146,https://www.fortinet.com/resources/cyberglossary/cloud-encryption,Cloud Encryption,720,37,2
147,https://www.fortinet.com/resources/cyberglossary/cloud-firewall,Cloud Firewall,1300,38,9
148,https://www.fortinet.com/resources/cyberglossary/virtual-firewall-for-cloud,virtual firewall,30,,2
149,https://www.fortinet.com/resources/cyberglossary/cloud-security-tips,Cloud Security TIPS,2240000,34,3
150,https://www.fortinet.com/resources/cyberglossary/cloud-detection-and-response,Cloud Detection And Response,720,19,2
151,https://www.fortinet.com/resources/cyberglossary/cwpp,cloud workload protection platform,2900,37,8
152,https://www.fortinet.com/resources/cyberglossary/dlp-for-cloud,DLP For Cloud,70,26,7
153,https://www.fortinet.com/resources/cyberglossary/what-does-a-firewall-do,What Does A Firewall Do,1600,59,1
154,https://www.fortinet.com/resources/cyberglossary/firewall-as-a-service-fwaas,Firewall As A Service,1000,30,1
155,https://www.fortinet.com/resources/cyberglossary/waf-vs-firewall,Waf Vs Firewall,320,20,1
156,https://www.fortinet.com/resources/cyberglossary/how-does-a-firewall-work,How Does A Firewall Work,590,44,1
157,https://www.fortinet.com/resources/cyberglossary/perimeter-firewall,Perimeter Firewall,170,13,1
158,https://www.fortinet.com/resources/cyberglossary/transparent-firewall,Transparent Firewall,50,9,1
159,https://www.fortinet.com/resources/cyberglossary/firewall-configuration,Firewall Configuration,5400,27,1
160,https://www.fortinet.com/resources/cyberglossary/hybrid-mesh-firewall,Hybrid Mesh Firewall,170,24,7
161,https://www.fortinet.com/resources/cyberglossary/proxy-firewall,Proxy Firewall,590,32,1
162,https://www.fortinet.com/resources/cyberglossary/does-a-firewall-affect-internet-speed,Does Firewall Slow Down Internet Speed,10,,1
163,https://www.fortinet.com/resources/cyberglossary/hybrid-firewall-advantages-disadvantages,hybrid firewall,20,,4
164,https://www.fortinet.com/resources/cyberglossary/stateful-vs-stateless-firewall,Stateful Vs Stateless Firewall,1000,33,1
165,https://www.fortinet.com/resources/cyberglossary/proxy-server-vs-packet-filtering-firewall,proxy server vs packet filtering firewall,20,,1
166,https://www.fortinet.com/resources/cyberglossary/firewall,Firewall,27100,74,9
167,https://www.fortinet.com/resources/cyberglossary/hardware-firewalls-better-than-software,Hardware Firewall,4400,28,3
168,https://www.fortinet.com/resources/cyberglossary/benefits-of-firewall,Firewall Benefits,50,44,1
169,https://www.fortinet.com/resources/cyberglossary/firewall,What Is A Firewall,135000,70,2
170,https://www.fortinet.com/resources/cyberglossary/end-of-life-firewall,end of life firewall ,2900,54,1
171,https://www.fortinet.com/resources/cyberglossary/human-firewall,Human Firewall,1000,21,6
172,https://www.fortinet.com/resources/cyberglossary/ruggedized-firewall,Rugged Firewall,20,,1
173,https://www.fortinet.com/resources/cyberglossary/business-web-application-firewall,web application firewall for enterprise,,,6
174,https://www.fortinet.com/resources/cyberglossary/waf,waf,1300,58,3
175,https://www.fortinet.com/resources/cyberglossary/comparing-virtual-firewalls,best virtual firwall,590,39,3
176,https://www.fortinet.com/resources/cyberglossary/next-generation-firewall,NGFW,4400,52,20
177,https://www.fortinet.com/resources/cyberglossary/network-security-vulnerability,Network Security Vulnerability,110,27,1
178,https://www.fortinet.com/resources/cyberglossary/network-security-threats,Network Security Threats,720,50,1
179,https://www.fortinet.com/resources/cyberglossary/cloud-network-security,Cloud Network Security,2900,32,5
180,https://www.fortinet.com/resources/cyberglossary/network-security-management,Network Security Management,1300,31,3
181,https://www.fortinet.com/resources/cyberglossary/network-security-vs-cybersecurity,Network Security Vs Cybersecurity,90,12,1
182,https://www.fortinet.com/resources/cyberglossary/it-vs-ot-cybersecurity,it vs ot security,30,,1
183,https://www.fortinet.com/resources/cyberglossary/manufacturing-ot,Manufacturing Ot,40,10,2
184,https://www.fortinet.com/resources/cyberglossary/quantum-key-distribution,Quantum Key Distribution,1000,45,2
185,https://www.fortinet.com/resources/cyberglossary/post-quantum-cryptography,Post Quantum Cryptography,3600,76,21
186,https://www.fortinet.com/resources/cyberglossary/quantum-computing-security,Quantum Computing Security,110,34,2
187,https://www.fortinet.com/resources/cyberglossary/quantum-safe-security,Quantum Safe Security,70,48,1
188,https://www.fortinet.com/resources/cyberglossary/quantum-safe-encryption,Quantum Safe Encryption,390,49,2
189,https://www.fortinet.com/resources/cyberglossary/sd-wan-vs-sase,sd wan vs sase,70,13,2
190,https://www.fortinet.com/resources/cyberglossary/sase-vs-casb,SASE Vs Casb,260,25,1
191,https://www.fortinet.com/resources/cyberglossary/sase,SASE,14800,69,1
192,https://www.fortinet.com/resources/cyberglossary/sase-architecture,SASE Architecture,1000,59,8
193,https://www.fortinet.com/resources/cyberglossary/sase-vs-ztna,SASE Vs ZTNA,110,17,3
194,https://www.fortinet.com/resources/cyberglossary/sovereign-sase,Sovereign SASE,40,8,3
195,https://www.fortinet.com/resources/cyberglossary/sdn-vs-sd-wan,SDN Vs SD WAN,210,24,1
196,https://www.fortinet.com/resources/cyberglossary/sd-wan-vs-vpn,sd wan vs vpn,110,12,4
197,https://www.fortinet.com/resources/cyberglossary/sd-wan-explained,sd wan explained,50,40,2
198,https://www.fortinet.com/resources/cyberglossary/benefits-of-sd-wan,sd wan benefits,390,24,1
199,https://www.fortinet.com/resources/cyberglossary/sd-wan-as-a-service,SD WAN As A Service,590,7,1
200,https://www.fortinet.com/resources/cyberglossary/sd-wan-security,sd wan security,260,30,2
201,https://www.fortinet.com/resources/cyberglossary/sd-wan-vs-mpls,SD WAN Vs MPLs,880,19,4
202,https://www.fortinet.com/resources/cyberglossary/what-is-secops,Security Operations,1300,49,2
203,https://www.fortinet.com/resources/cyberglossary/what-is-secops,Secops,1900,47,7
204,https://www.fortinet.com/resources/cyberglossary/secops-metrics,Secops Metrics,30,,1
205,https://www.fortinet.com/resources/cyberglossary/how-to-implement-zero-trust,How To Implement Zero Trust,880,50,2
206,https://www.fortinet.com/resources/cyberglossary/universal-ztna,Universal ZTNA,110,15,1
207,https://www.fortinet.com/resources/cyberglossary/zero-trust-edge,Zero Trust EDGE,260,14,2
208,https://www.fortinet.com/resources/cyberglossary/what-is-the-zero-trust-network-security-model,ZeroTrust Security Model,5400,36,1
209,https://www.fortinet.com/resources/cyberglossary/ztna-vs-vpn,ZTNA Vs VPN,1000,29,1
210,https://www.fortinet.com/resources/cyberglossary/what-is-ztna,Zero-Trust Network Access,8100,74,2
211,https://www.fortinet.com/resources/cyberglossary/virtual-firewall-zero-trust,Virtual Firewall For Zero Trust,,,1
212,https://www.fortinet.com/resources/cyberglossary/what-is-zero-trust,Zero Trust,9900,83,3
213,https://www.fortinet.com/resources/cyberglossary/what-is-cognitive-science,Cognitive Science,12100,66,2
214,https://www.fortinet.com/resources/cyberglossary/what-is-fedramp,FEDRamp,18100,67,11
215,https://www.fortinet.com/resources/cyberglossary/hyperscale,Hyperscale Data Center,1900,34,2
216,https://www.fortinet.com/resources/cyberglossary/what-is-adware,What Is Adware,3600,46,2
217,https://www.fortinet.com/resources/cyberglossary/common-vulnerability-scoring-system,Common Vulnerability Scoring System,18100,77,3
218,https://www.fortinet.com/resources/cyberglossary/what-is-bitcoin-mining,Bitcoin Mining,12100,94,2
219,https://www.fortinet.com/resources/cyberglossary/business-email-compromise,Business EmAIl Compromise,2900,58,2
220,https://www.fortinet.com/resources/cyberglossary/dmarc,what is dmarc,12100,78,2
221,https://www.fortinet.com/resources/cyberglossary/iso-iec-27001,Iso/Iec 27001,2900,62,5
222,https://www.fortinet.com/resources/cyberglossary/what-is-mssp,managed security service provider,12100,61,1
223,https://www.fortinet.com/resources/cyberglossary/what-is-sandboxing,Sandboxing,1900,56,6
224,https://www.fortinet.com/resources/cyberglossary/what-is-web-security,Web Security,2400,43,29
225,https://www.fortinet.com/resources/cyberglossary/cybersecurity-management,Cybersecurity Management,720,28,2
226,https://www.fortinet.com/resources/cyberglossary/what-is-endpoint-security,endpoint security,1600,49,3
227,https://www.fortinet.com/resources/cyberglossary/encryption,What Is Encryption,3600,75,5
228,https://www.fortinet.com/resources/cyberglossary/ldap-authentication,Ldap Authentication,880,24,1
229,https://www.fortinet.com/resources/cyberglossary/privileged-identity-management,Privileged Identity Management,6600,33,4
230,https://www.fortinet.com/resources/cyberglossary/what-is-dmz,DMZ,22200,80,4
231,https://www.fortinet.com/resources/cyberglossary/does-vpn-decrease-internet-speed,Does VPN Affect Internet Speed,90,43,4
232,https://www.fortinet.com/resources/cyberglossary/are-vpns-safe,Are VPNs Safe,1300,34,5
233,https://www.fortinet.com/resources/cyberglossary/threat-modeling,Threat Modeling,2900,60,2
234,https://www.fortinet.com/resources/cyberglossary/are-vpns-safe,Is VPN Safe,1300,45,2
235,https://www.fortinet.com/resources/cyberglossary/attack-vector,Attack Vector,1600,48,4
236,https://www.fortinet.com/resources/cyberglossary/service-set-identifier-ssid,Service Set Identifier,1300,21,1
237,https://www.fortinet.com/resources/cyberglossary/digital-rights-management-drm,Digital Rights Management,5400,49,6
238,https://www.fortinet.com/resources/cyberglossary/content-filtering,Content Filtering,2400,35,1
239,https://www.fortinet.com/resources/cyberglossary/what-is-splunk,What Is Splunk,4400,44,2
240,https://www.fortinet.com/resources/cyberglossary/proxy-server,What Is Proxy Server,1600,63,12
241,https://www.fortinet.com/resources/cyberglossary/data-egress,Data Egress,320,35,1
242,https://www.fortinet.com/resources/cyberglossary/iot-edge,IOT EDGE,390,50,2
243,https://www.fortinet.com/resources/cyberglossary/http-proxy,Http Proxy,1900,59,1
244,https://www.fortinet.com/resources/cyberglossary/web-security-threats,Web Security Threats,110,49,2
245,https://www.fortinet.com/resources/cyberglossary/email-encryption,EmAIl Encryption,2900,51,5
246,https://www.fortinet.com/resources/cyberglossary/brute-force-attack,Brute Force Attack,1900,66,2
247,https://www.fortinet.com/resources/cyberglossary/defense-in-depth,Defense In Depth,2900,60,4
248,https://www.fortinet.com/resources/cyberglossary/honey-tokens,Honey Tokens,320,23,1
249,https://www.fortinet.com/resources/cyberglossary/attack-surface,Attack Surface,1900,55,5
250,https://www.fortinet.com/resources/cyberglossary/types-of-cyber-attacks,Types Of Cyber Attacks,2900,68,1
251,https://www.fortinet.com/resources/cyberglossary/active-defense,Active Defense,170,20,1
252,https://www.fortinet.com/resources/cyberglossary/nist-compliance,Nist Compliance,1900,32,1
253,https://www.fortinet.com/resources/cyberglossary/remote-access-trojan,Remote Access Trojan,4400,42,2
254,https://www.fortinet.com/resources/cyberglossary/malware-analysis,Malware Analysis,1300,24,11
255,https://www.fortinet.com/resources/cyberglossary/fake-hacking,Fake Hacking,5400,51,8
256,https://www.fortinet.com/resources/cyberglossary/pos-security,Pos Security,480,20,1
257,https://www.fortinet.com/resources/cyberglossary/iot-best-practices,IOT Security Best Practices,210,37,1
258,https://www.fortinet.com/resources/cyberglossary/what-is-edr,What Is EDR,2400,63,3
259,https://www.fortinet.com/resources/cyberglossary/types-of-endpoint-security,Types Of Endpoint Security,110,26,1
260,https://www.fortinet.com/resources/cyberglossary/what-is-wan-aggregation,Wan Aggregation,260,18,2
261,https://www.fortinet.com/resources/cyberglossary/what-is-ueba,ueba,590,44,3
262,https://www.fortinet.com/resources/cyberglossary/pst-file,what is a pst file,2400,33,1
263,https://www.fortinet.com/resources/cyberglossary/saml-vs-oauth,Saml Vs Oauth,1000,31,1
264,https://www.fortinet.com/resources/cyberglossary/traceroutes,What Is Traceroute,390,21,1
265,https://www.fortinet.com/resources/cyberglossary/authentication-token,Authentication Token,590,51,1
266,https://www.fortinet.com/resources/cyberglossary/network-traffic,Network Traffic,720,41,1
267,https://www.fortinet.com/resources/cyberglossary/internet-fraud,Internet Fraud,1300,78,2
268,https://www.fortinet.com/resources/cyberglossary/802-1x-authentication,802.1X Authentication,1300,24,1
269,https://www.fortinet.com/resources/cyberglossary/network-access-control-list,Network Access Control List,480,38,1
270,https://www.fortinet.com/resources/cyberglossary/what-is-an-open-proxy,What Is An Open Proxy,110,17,1
271,https://www.fortinet.com/resources/cyberglossary/api-key,What Is An Api Key,8100,44,1
272,https://www.fortinet.com/resources/cyberglossary/radius-protocol,Radius Protocol,1900,44,2
273,https://www.fortinet.com/resources/cyberglossary/transparent-proxy,Transparent Proxy,480,25,1
274,https://www.fortinet.com/resources/cyberglossary/ocsp,OCSP,2900,49,2
275,https://www.fortinet.com/resources/cyberglossary/centralized-management,Centralized Management,590,24,9
276,https://www.fortinet.com/resources/cyberglossary/benefits-of-vpn,Benefits Of VPN,1900,62,10
277,https://www.fortinet.com/resources/cyberglossary/vpn-split-tunneling,VPN Split Tunneling,880,42,2
278,https://www.fortinet.com/resources/cyberglossary/proxy-vs-vpn,Proxy Vs VPN,4400,53,2
279,https://www.fortinet.com/resources/cyberglossary/aaa-security,Aaa Security,880,51,4
280,https://www.fortinet.com/resources/cyberglossary/network-edge,Network EDGE,480,49,1
281,https://www.fortinet.com/resources/cyberglossary/operational-security,Operational Security,1600,37,3
282,https://www.fortinet.com/resources/cyberglossary/hybrid-data-center,Hybrid Data Center,170,16,9
283,https://www.fortinet.com/resources/cyberglossary/how-to-setup-a-proxy-server,How To Setup A Proxy Server,590,34,2
284,https://www.fortinet.com/resources/cyberglossary/message-authentication-code,Message Authentication Code,390,39,8
285,https://www.fortinet.com/resources/cyberglossary/dns-security,DNS Security,1300,39,8
286,https://www.fortinet.com/resources/cyberglossary/healthcare-data-security,Healthcare Data Security,590,20,1
287,https://www.fortinet.com/resources/cyberglossary/data-center-security,Data Center Security,2400,36,1
288,https://www.fortinet.com/resources/cyberglossary/what-is-cybersecurity-mesh,Cybersecurity Mesh,210,34,1
289,https://www.fortinet.com/resources/cyberglossary/what-is-hacking,Hacking,18100,54,1
290,https://www.fortinet.com/resources/cyberglossary/how-does-vpn-work,How Does A VPN Work,5400,64,1
291,https://www.fortinet.com/resources/cyberglossary/cia-triad,Cia Triad,9900,46,1
292,https://www.fortinet.com/resources/cyberglossary/security-as-a-service,Security-As-A-Service,50,23,1
293,https://www.fortinet.com/resources/cyberglossary/compliance-automation,Compliance Automation,1000,31,1
294,https://www.fortinet.com/resources/cyberglossary/data-deduplication,Data Deduplication,480,43,9
295,https://www.fortinet.com/resources/cyberglossary/tcp-ip-model-vs-osi-model,Tcp Ip Model Vs Osi Model,880,23,1
296,https://www.fortinet.com/resources/cyberglossary/tailgating-attack,TAIlgating Attack,1600,35,1
297,https://www.fortinet.com/resources/cyberglossary/data-security,Data Security,9900,70,5
298,https://www.fortinet.com/resources/cyberglossary/phishing-email-analysis,Phishing EmAIl Analysis,50,25,1
299,https://www.fortinet.com/resources/cyberglossary/data-exfiltration,Data Exfiltration,1300,20,1
300,https://www.fortinet.com/resources/cyberglossary/pgp-encryption,Pgp Encryption,3600,57,3
301,https://www.fortinet.com/resources/cyberglossary/unified-threat-management,Unified Threat Management,4400,32,1
302,https://www.fortinet.com/resources/cyberglossary/url-phishing,Url Phishing,210,57,1
303,https://www.fortinet.com/resources/cyberglossary/it-security-policy,It Security Policy,720,41,1
304,https://www.fortinet.com/resources/cyberglossary/dns-hijacking,DNS Hijacking,720,40,7
305,https://www.fortinet.com/resources/cyberglossary/dos-vs-ddos,Dos Vs Ddos,880,20,1
306,https://www.fortinet.com/resources/cyberglossary/whaling-attack,Whaling Attack,1300,22,6
307,https://www.fortinet.com/resources/cyberglossary/what-is-botnet,Botnet,6600,60,3
308,https://www.fortinet.com/resources/cyberglossary/what-is-port-scan,Port Scan,2400,68,8
309,https://www.fortinet.com/resources/cyberglossary/digital-certificates,Digital Certificates,1000,50,1
310,https://www.fortinet.com/resources/cyberglossary/eavesdropping,Eavesdropping Attack,70,26,1
311,https://www.fortinet.com/resources/cyberglossary/bgp-border-gateway-protocol,Border Gateway Protocol,2400,40,3
312,https://www.fortinet.com/resources/cyberglossary/saas-security-posture-management,SSPM,320,33,10
313,https://www.fortinet.com/resources/cyberglossary/cyber-extortion,Cyber Extortion,590,25,1
314,https://www.fortinet.com/resources/cyberglossary/devops-security,Devops Security,1300,41,3
315,https://www.fortinet.com/resources/cyberglossary/confidential-computing,Confidential Computing,880,66,4
316,https://www.fortinet.com/resources/cyberglossary/scareware,Scareware,2400,44,8
317,https://www.fortinet.com/resources/cyberglossary/trojan-horse-virus,Trojan Horse Virus,2900,62,1
318,https://www.fortinet.com/resources/cyberglossary/what-is-canary-in-cybersecurity,Canary In Cybersecurity,30,,1
319,https://www.fortinet.com/resources/cyberglossary/email-security,EmAIl Security,5400,50,10
320,https://www.fortinet.com/resources/cyberglossary/smb-cybersecurity-tools,cybersecurity tools for small business,40,,1
321,https://www.fortinet.com/resources/cyberglossary/recent-ransomware-settlements,Ransomware Settlement,30,,16
322,https://www.fortinet.com/resources/cyberglossary/fileless-malware,Fileless Malware,1000,39,7
323,https://www.fortinet.com/resources/cyberglossary/what-is-keyloggers,Keyloggers,1900,53,1
324,https://www.fortinet.com/resources/cyberglossary/microsegmentation,Microsegmentation,1900,50,4
325,https://www.fortinet.com/resources/cyberglossary/cybersquatting,Cybersquatting,1000,46,15
326,https://www.fortinet.com/resources/cyberglossary/what-is-firmware,What Is Firmware,9900,47,13
327,https://www.fortinet.com/resources/cyberglossary/user-datagram-protocol-udp,User Datagram Protocol,8100,64,5
328,https://www.fortinet.com/resources/cyberglossary/certificate-management,Certificate Management,720,28,3
329,https://www.fortinet.com/resources/cyberglossary/what-is-url-filtering,what is Url Filtering,1000,35,10
330,https://www.fortinet.com/resources/cyberglossary/diy-vs-managed-sd-wan,Diy Vs Managed SD WAN,70,7,1
331,https://www.fortinet.com/resources/cyberglossary/qos-quality-of-service,Qos,9900,50,2
332,https://www.fortinet.com/resources/cyberglossary/what-is-branch-networking,Branch Networking,50,24,2
333,https://www.fortinet.com/resources/cyberglossary/mpls,MPLs,18100,50,8
334,https://www.fortinet.com/resources/cyberglossary/failover,FAIlover,1600,44,2
335,https://www.fortinet.com/resources/cyberglossary/lateral-movement,Lateral Movement,5400,45,11
336,https://www.fortinet.com/resources/cyberglossary/what-is-site-to-site-vpn,Site To Site VPN,6600,66,9
337,https://www.fortinet.com/resources/cyberglossary/ransomware-removal,Ransomware Removal,880,60,1
338,https://www.fortinet.com/resources/cyberglossary/endpoint-security-for-mobile-devices,Endpoint Security For Mobile Devices,20,,1
339,https://www.fortinet.com/resources/cyberglossary/shift-left-security,Shift Left Security,880,39,1
340,https://www.fortinet.com/resources/cyberglossary/what-is-ip-address,What Is An Ip Address,135000,57,1
341,https://www.fortinet.com/resources/cyberglossary/spam-filters,Spam Filtering,590,45,1
342,https://www.fortinet.com/resources/cyberglossary/iot-device-vulnerabilities,IOT Device Vulnerabilities,70,31,1
343,https://www.fortinet.com/resources/cyberglossary/implement-ddos-mitigation-strategy,Ddos Mitigation,90,33,13
344,https://www.fortinet.com/resources/cyberglossary/what-is-ttl,what is time to live,8100,63,13
345,https://www.fortinet.com/resources/cyberglossary/malware-vs-virus-vs-worm,Malware Vs Virus Vs Worm,20,,1
346,https://www.fortinet.com/resources/cyberglossary/login-credentials,Login Credentials,1300,35,1
347,https://www.fortinet.com/resources/cyberglossary/definitions-of-jargon-ransomware,Ransomware Jargon,10,,1
348,https://www.fortinet.com/resources/cyberglossary/pretexting,Pretexting,4400,43,2
349,https://www.fortinet.com/resources/cyberglossary/ics-security,Ics Security,1600,63,5
350,https://www.fortinet.com/resources/cyberglossary/definitions-of-jargon,Fortinet Doj,20,,5
351,https://www.fortinet.com/resources/cyberglossary/wireless-network,Wireless Network,2400,43,3
352,https://www.fortinet.com/resources/cyberglossary/what-is-dns,What Is DNS,18100,59,6
353,https://www.fortinet.com/resources/cyberglossary/what-is-https,What Is Https,2900,54,15
354,https://www.fortinet.com/resources/cyberglossary/ransomware-as-a-service-raas,Ransomware As A Service,720,47,4
355,https://www.fortinet.com/resources/cyberglossary/tcp-ip,Tcp/Ip,8100,66,3
356,https://www.fortinet.com/resources/cyberglossary/insider-threats,What Is An Insider Threat,4400,48,6
357,https://www.fortinet.com/resources/cyberglossary/static-vs-dynamic-ip,Static Vs Dynamic Ip Address,1300,36,1
358,https://www.fortinet.com/resources/cyberglossary/smurf-attack,Smurf Attack,1600,41,7
359,https://www.fortinet.com/resources/cyberglossary/10-cybersecurity-tips-small-business,Cybersecurity TIPS For Small Businesses,390,58,6
360,https://www.fortinet.com/resources/cyberglossary/dlp,data loss prevention,1900,48,17
361,https://www.fortinet.com/resources/cyberglossary/what-is-network-access-control,network access control,390,39,5
362,https://www.fortinet.com/resources/cyberglossary/dark-web-monitoring,Dark Web Monitoring,590,41,3
363,https://www.fortinet.com/resources/cyberglossary/what-is-caching,Caching,8100,74,23
364,https://www.fortinet.com/resources/cyberglossary/spyware,What Is Spyware,2900,63,44
365,https://www.fortinet.com/resources/cyberglossary/code-scanning,Code Scanning,720,52,38
366,https://www.fortinet.com/resources/cyberglossary/cybersecurity-statistics,Cybersecurity Statistics,590,61,12
367,https://www.fortinet.com/resources/cyberglossary/pharming,Pharming,3600,56,9
368,https://www.fortinet.com/resources/cyberglossary/exploit,What Is An Exploit,480,38,10
369,https://www.fortinet.com/resources/cyberglossary/vulnerability-assessment,Vulnerability Assessment,9900,47,1
370,https://www.fortinet.com/resources/cyberglossary/bot,What Is A Bot,8100,47,4
371,https://www.fortinet.com/resources/cyberglossary/ddos-protection,Ddos Protection,2900,72,3
372,https://www.fortinet.com/resources/cyberglossary/openstack,What Is Openstack,480,54,23
373,https://www.fortinet.com/resources/cyberglossary/hybrid-it,Hybrid It,720,31,3
374,https://www.fortinet.com/resources/cyberglossary/krack-attack,Krack Attack,170,28,3
375,https://www.fortinet.com/resources/cyberglossary/thin-client,Thin Client,4400,49,10
376,https://www.fortinet.com/resources/cyberglossary/what-is-ciam,Ciam,3600,55,3
377,https://www.fortinet.com/resources/cyberglossary/spear-phishing,Spear Phishing,12100,51,2
378,https://www.fortinet.com/resources/cyberglossary/advanced-threat-protection-atp,Advanced Threat Protection,1600,33,1
379,https://www.fortinet.com/resources/cyberglossary/network-as-a-service,Network As A Service,1600,10,5
380,https://www.fortinet.com/resources/cyberglossary/managed-detection-and-response,Managed Detection And Response,3600,49,10
381,https://www.fortinet.com/resources/cyberglossary/single-sign-on,What Is Sso?,5400,61,8
382,https://www.fortinet.com/resources/cyberglossary/internet-security,what is internet security,20,,1
383,https://www.fortinet.com/resources/cyberglossary/wireless-security-tips,Wireless Security TIPS,20,,1
384,https://www.fortinet.com/resources/cyberglossary/what-is-pci-compliance,What Is Pci Compliance,4400,44,8
385,https://www.fortinet.com/resources/cyberglossary/sql-injection,Sql Injection,9900,74,10
386,https://www.fortinet.com/resources/cyberglossary/sextortion,Sextortion,12100,76,7
387,https://www.fortinet.com/resources/cyberglossary/web-scraping,Web Scraping,1830000,64,2
388,https://www.fortinet.com/resources/cyberglossary/network-monitoring,Network Monitoring,3600,52,8
389,https://www.fortinet.com/resources/cyberglossary/public-key-infrastructure,Pki,22200,78,4
390,https://www.fortinet.com/resources/cyberglossary/platform-as-a-service,Paas,14800,71,3
391,https://www.fortinet.com/resources/cyberglossary/mobile-device-management,Mobile Device Management,6600,64,2
392,https://www.fortinet.com/resources/cyberglossary/how-to-prevent-ransomware,How To Prevent Ransomware,1300,54,1
393,https://www.fortinet.com/resources/cyberglossary/remote-desktop-protocol,Remote Desktop Protocol,2900,49,14
394,https://www.fortinet.com/resources/cyberglossary,Cyber Glossary,20,,6
395,https://www.fortinet.com/resources/cyberglossary/solarwinds-cyber-attack,Solarwinds Cyber Attack,390,61,1
396,https://www.fortinet.com/resources/cyberglossary/identity-theft,Identity Theft,22200,89,7
397,https://www.fortinet.com/resources/cyberglossary/sox-sarbanes-oxley-act,Sarbanes-Oxley Act,6600,65,17
398,https://www.fortinet.com/resources/cyberglossary/ssl-certificate,SSL Certificate,14800,95,31
399,https://www.fortinet.com/resources/cyberglossary/data-classification,Data Classification,2400,42,20
400,https://www.fortinet.com/resources/cyberglossary/what-is-soar,what is soar,9900,45,2
401,https://www.fortinet.com/resources/cyberglossary/mobile-security,what is Mobile Security,2900,61,2
402,https://www.fortinet.com/resources/cyberglossary/devsecops,Devsecops,9900,59,7
403,https://www.fortinet.com/resources/cyberglossary/dynamic-dns,Dynamic DNS,3600,57,9
404,https://www.fortinet.com/resources/cyberglossary/infrastructure-as-code, Infrastructure As Code,880,52,4
405,https://www.fortinet.com/resources/cyberglossary/what-is-cyber-attack,What Is A Cyber Attack?,2900,61,6
406,https://www.fortinet.com/resources/cyberglossary/multi-factor-authentication,Multi-Factor Authentication,6600,75,4
407,https://www.fortinet.com/resources/cyberglossary/account-takeover,Account Takeover,1900,38,22
408,https://www.fortinet.com/resources/cyberglossary/colocation-data-center,Colocation Data Center,3600,44,1
409,https://www.fortinet.com/resources/cyberglossary/cyber-espionage,Cyber Espionage,880,40,12
410,https://www.fortinet.com/resources/cyberglossary/what-is-deception-technology,Deception Technology,390,25,1
411,https://www.fortinet.com/resources/cyberglossary/dpi-deep-packet-inspection,Deep Packet Inspection,1600,50,1
412,https://www.fortinet.com/resources/cyberglossary/network-automation,Network Automation,1900,41,3
413,https://www.fortinet.com/resources/cyberglossary/dns-leak,DNS Leak,8100,69,3
414,https://www.fortinet.com/resources/cyberglossary/swatting,Swatting,18100,62,8
415,https://www.fortinet.com/resources/cyberglossary/what-is-honeypot,What Is A Honeypot,3600,57,11
416,https://www.fortinet.com/resources/cyberglossary/data-breach,What Is A Data Breach,6600,52,4
417,https://www.fortinet.com/resources/cyberglossary/remote-access,What Is Remote Access,210,35,1
418,https://www.fortinet.com/resources/cyberglossary/incident-response,Incident Response,590,45,11
419,https://www.fortinet.com/resources/cyberglossary/most-notorious-attacks-in-the-history-of-cyber-warfare,cyber warfare,30,,10
420,https://www.fortinet.com/resources/cyberglossary/work-from-home-cybersecurity-risks,remote work cyber security risks,10,,1
421,https://www.fortinet.com/resources/cyberglossary/deepfake,What Is Deepfake,2400,72,44
422,https://www.fortinet.com/resources/cyberglossary/critical-infrastructure-protection,Critical Infrastructure Protection,4400,46,9
423,https://www.fortinet.com/resources/cyberglossary/watering-hole-attack,Watering Hole Attack,1900,49,2
424,https://www.fortinet.com/resources/cyberglossary/rootkit,Rootkit,5400,51,14
425,https://www.fortinet.com/resources/cyberglossary/oidc,Oidc,9900,55,9
426,https://www.fortinet.com/resources/cyberglossary/intrusion-detection-system,Intrusion Detection System,5400,57,8
427,https://www.fortinet.com/resources/cyberglossary/heuristic-analysis,Heuristic Analysis,720,44,7
428,https://www.fortinet.com/resources/cyberglossary/serverless-computing,Serverless Computing,4400,71,8
429,https://www.fortinet.com/resources/cyberglossary/what-is-hacktivism,Hacktivism,1900,49,14
430,https://www.fortinet.com/resources/cyberglossary/types-of-phishing-attacks,Types Of Phishing Attacks,1000,44,3
431,https://www.fortinet.com/resources/cyberglossary/election-security,Election Security,880,57,9
432,https://www.fortinet.com/resources/cyberglossary/what-is-arp,Arp,90500,63,2
433,https://www.fortinet.com/resources/cyberglossary/supply-chain-attacks,Supply ChAIn Attacks,720,52,5
434,https://www.fortinet.com/resources/cyberglossary/email-security-best-practices,EmailSecurity Best Practices,590,15,1
435,https://www.fortinet.com/resources/cyberglossary/whitehat-security,white hat hacking,4400,48,10
436,https://www.fortinet.com/resources/cyberglossary/ddos-attack,What Is Ddos Attack,2900,73,23
437,https://www.fortinet.com/resources/cyberglossary/recent-cyber-attacks,Recent Cyber Attacks,3600,61,2
438,https://www.fortinet.com/resources/cyberglossary/remote-access-vpn,Remote Access VPN,5400,60,4
439,https://www.fortinet.com/resources/cyberglossary/fisma-and-fisma-compliance,Fisma,6600,57,8
440,https://www.fortinet.com/resources/cyberglossary/how-to-detect-keylogger-on-phone,How To Detect Keylogger,320,39,23
441,https://www.fortinet.com/resources/cyberglossary/network-segmentation,Network Segmentation,2900,45,2
442,https://www.fortinet.com/resources/cyberglossary/what-is-an-ips,Intrusion Prevention System,9900,65,6
443,https://www.fortinet.com/resources/cyberglossary/what-is-siem,SIEM,2900,58,6
444,https://www.fortinet.com/resources/cyberglossary/what-is-XDR,XDR,6600,58,11
445,https://www.fortinet.com/resources/cyberglossary/vpn-routers,VPN Routers,480,36,8
446,https://www.fortinet.com/resources/cyberglossary/clickjacking,Clickjacking,1600,48,13
447,https://www.fortinet.com/resources/cyberglossary/byod,Bring Your Own Device,2400,59,28
448,https://www.fortinet.com/resources/cyberglossary/cross-site-scripting,Cross Site Scripting,5400,71,14
449,https://www.fortinet.com/resources/cyberglossary/fast-flux-networks,Fast Flux Networks,20,,12
450,https://www.fortinet.com/resources/cyberglossary/phishing,Phishing,49500,98,15
451,https://www.fortinet.com/resources/cyberglossary/malware,Malware,40500,84,8
452,https://www.fortinet.com/resources/cyberglossary/unified-endpoint-management-uem,Unified Endpoint Management,1300,43,4
453,https://www.fortinet.com/resources/cyberglossary/man-in-the-middle-attack,Man In The Middle Attack,5400,71,26
454,https://www.fortinet.com/resources/cyberglossary/cyber-insurance,Cyber Insurance,9900,61,2
455,https://www.fortinet.com/resources/cyberglossary/bloatware,Bloatware,4400,51,32
456,https://www.fortinet.com/resources/cyberglossary/two-factor-authentication,What Is Two Factor Authentication,6600,72,3
457,https://www.fortinet.com/resources/cyberglossary/black-hat-security,Black Hat Security,110,52,9
458,https://www.fortinet.com/resources/cyberglossary/dynamic-host-configuration-protocol-dhcp,DHCP,8100,47,8
459,https://www.fortinet.com/resources/cyberglossary/what-is-machine-learning,Machine Learning,60500,93,-
460,https://www.fortinet.com/resources/cyberglossary/cyber-threat-intelligence,Cyber Threat Intelligence,3600,52,4
461,https://www.fortinet.com/resources/cyberglossary/what-is-a-qr-code,What Is A Qr Code,5400,48,2
462,https://www.fortinet.com/resources/cyberglossary/simple-network-management-protocol,Simple Network Management Protocol,4400,38,6
463,https://www.fortinet.com/resources/cyberglossary/federated-identity,Federated Identity,880,49,19
464,https://www.fortinet.com/resources/cyberglossary/ransomware,Ransomware,33100,84,11
465,https://www.fortinet.com/resources/cyberglossary/what-is-soc,SOC,40500,73,5
466,https://www.fortinet.com/resources/cyberglossary/wannacry-ransomware-attack,Wannacry,4400,68,6
467,https://www.fortinet.com/resources/cyberglossary/ci-cd-pipeline,Ci/Cd Pipelines,3600,57,11
468,https://www.fortinet.com/resources/cyberglossary/how-to-pick-a-work-from-home-wi-fi-router,How To Pick A Wifi Router,90,38,7
469,https://www.fortinet.com/resources/cyberglossary/mitre-attck,Mitre Att&Ck,5400,56,25
470,https://www.fortinet.com/resources/cyberglossary/what-is-5g,What Is 5G?,135000,68,17
471,https://www.fortinet.com/resources/cyberglossary/virtual-desktop-infrastructure-vdi,Virtual Desktop Infrastructure,1900,40,6
472,https://www.fortinet.com/resources/cyberglossary/what-is-a-vpn,What Is A VPN,165000,81,24
473,https://www.fortinet.com/resources/cyberglossary/fabric-of-security,Fabric Of Security,40,,1
474,https://www.fortinet.com/resources/cyberglossary/what-is-ndr,network detection and response,1300,33,6
475,https://www.fortinet.com/resources/cyberglossary/cyber-physical-systems,Cyber Physical Systems,1300,50,5
476,https://www.fortinet.com/resources/cyberglossary/purdue-model,Purdue Model,70,34,33
477,https://www.fortinet.com/resources/cyberglossary/what-is-air-gap,What Is AIr Gap,210,50,16
478,https://www.fortinet.com/resources/cyberglossary/malware-protection,Malware Protection,1830000,62,13
479,https://www.fortinet.com/resources/cyberglossary/browser-security,Browser Security,1000,50,11
480,https://www.fortinet.com/resources/cyberglossary/types-of-malware,Types Of Malware,2900,43,13
481,https://www.fortinet.com/resources/cyberglossary/identity-as-a-service,Identity As A Service,880,26,1
482,https://www.fortinet.com/resources/cyberglossary/dfir,DFIR,2900,41,10
483,https://www.fortinet.com/resources/cyberglossary/application-performance-monitoring,Application Performance Monitoring,6600,54,7
484,https://www.fortinet.com/resources/cyberglossary/soc1-compliance,SOC 1 Compliance,590,21,1
485,https://www.fortinet.com/resources/cyberglossary/security-audit,Security Audit,1300,36,53
486,https://www.fortinet.com/resources/cyberglossary/web-application-security,Web Application Security,1900,35,6
487,https://www.fortinet.com/resources/cyberglossary/server-virtualization,Server Virtualization,1600,37,3
488,https://www.fortinet.com/resources/cyberglossary/vulnerability-assessment-tools,Vulnerability Assessment Tools,1300,42,7
489,https://www.fortinet.com/resources/cyberglossary/neural-network,Neural Networks,9900,91,-
490,https://www.fortinet.com/resources/cyberglossary/shors-grovers-algorithms,shor's algorithm,,,9
491,https://www.fortinet.com/resources/cyberglossary/dark-vs-deep-web,Dark Web Vs Deep Web,1000,33,5
492,https://www.fortinet.com/resources/cyberglossary/signs-of-malware,Signs Of Malware,260,41,1
493,https://www.fortinet.com/resources/cyberglossary/vulnerability-management,Vulnerability Management,5400,48,53
494,https://www.fortinet.com/resources/cyberglossary/vulnerability-disclosure,Vulnerability Disclosure,140,28,8
495,https://www.fortinet.com/resources/cyberglossary/virtual-patching,Virtual Patching,260,31,3
496,https://www.fortinet.com/resources/cyberglossary/nerc-cip,Nerc Cip,5400,27,7
497,https://www.fortinet.com/resources/cyberglossary/cyber-security-platform,cyber security platform,1000,57,5
498,https://www.fortinet.com/resources/cyberglossary/compensating-controls,Compensating Controls,720,22,2
499,https://www.fortinet.com/resources/cyberglossary/darkside-ransomware,Darkside Ransomware,260,35,18
500,https://www.fortinet.com/resources/cyberglossary/rugged-hardware,Rugged Hardware,50,24,12
501,https://www.fortinet.com/resources/cyberglossary/identity-based-attacks,identity based attacks,110,25,5
502,https://www.fortinet.com/resources/cyberglossary/enterprise-vpn-solutions,Enterprise VPN Solutions,390,50,29
503,https://www.fortinet.com/resources/cyberglossary/owasp-web-application-firewall,WAF OWASP Top 10,110,58,11
504,https://www.fortinet.com/resources/cyberglossary/virtual-machines,Virtual Machine,40500,69,45
505,https://www.fortinet.com/resources/cyberglossary/agent-vs-agentless-security,Agent Vs Agentless Security,90,8,11
506,https://www.fortinet.com/resources/cyberglossary/behavioral-analytics,Behavioral Analytics,1000,41,13
507,https://www.fortinet.com/resources/cyberglossary/ci-cd,ci/cd,9900,63,11
508,https://www.fortinet.com/resources/cyberglossary/cspm-vs-dspm,Cspm Vs DSPM,320,14,5
509,https://www.fortinet.com/resources/cyberglossary/ctem,Ctem,1600,29,31
510,https://www.fortinet.com/resources/cyberglossary/data-discovery,Data Discovery,1900,30,2
511,https://www.fortinet.com/resources/cyberglossary/data-matching,Data Matching,1300,15,4
512,https://www.fortinet.com/resources/cyberglossary/data-protection,Data Protection,6600,50,3
513,https://www.fortinet.com/resources/cyberglossary/dcap,Dcap,3600,41,-
514,https://www.fortinet.com/resources/cyberglossary/device-control,Device Control,720,30,44
515,https://www.fortinet.com/resources/cyberglossary/digital-operational-resilience-act-dora,Digital Operational Resilience Act,140,51,16
516,https://www.fortinet.com/resources/cyberglossary/dlp-monitoring,DLP Monitoring,110,27,1
517,https://www.fortinet.com/resources/cyberglossary/dlp-policy,DLP Policy,720,21,16
518,https://www.fortinet.com/resources/cyberglossary/dlpaas-and-dlp-as-a-managed-service,dlp as a service,0,,1
519,https://www.fortinet.com/resources/cyberglossary/file-sharing-security,File Sharing Security,40,25,1
520,https://www.fortinet.com/resources/cyberglossary/gdpr,Gdpr,49500,100,44
521,https://www.fortinet.com/resources/cyberglossary/hipaa-compliance,Hipaa Compliance,22200,76,14
522,https://www.fortinet.com/resources/cyberglossary/identity-risk-prioritization,Identity Risk,170,16,19
523,https://www.fortinet.com/resources/cyberglossary/living-off-the-land-lotl,living off the land attack,30,,28
524,https://www.fortinet.com/resources/cyberglossary/national-vulnerability-database-nvd,national vulnerability database,590,25,5
525,https://www.fortinet.com/resources/cyberglossary/network-dlp,Network DLP,320,23,1
526,https://www.fortinet.com/resources/cyberglossary/private-5g-warehousing,Private 5G Warehousing,0,,1
527,https://www.fortinet.com/resources/cyberglossary/saas-security,SAAS Security,1600,40,10
528,https://www.fortinet.com/resources/cyberglossary/secret-management,Secret Management,590,39,27
529,https://www.fortinet.com/resources/cyberglossary/security-misconfiguration,Security Misconfiguration,720,30,10
530,https://www.fortinet.com/resources/cyberglossary/what-is-a-software-defined-perimeter,Software Defined Perimeter,590,27,5
531,https://www.fortinet.com/resources/cyberglossary/threat-detection-and-response,Threat Detection And Response,1300,31,10
532,https://www.fortinet.com/resources/cyberglossary/remote-code-execution,remote code execution,4400,84,3
533,https://www.fortinet.com/resources/cyberglossary/data-poisoning,Data Poisoning,590,39,27
534,https://www.fortinet.com/resources/cyberglossary/data-privacy,Data Privacy,6600,88,-
535,https://www.fortinet.com/resources/cyberglossary/cloud-migration,Cloud Migration,480,40,-
536,https://www.fortinet.com/resources/cyberglossary/cloud-workload-security,cloud workload security,480,23,9
537,https://www.fortinet.com/resources/cyberglossary/rise-of-cybersecurity-mesh,rise of cybersecurity mesh,170,27,1
538,https://www.fortinet.com/resources/cyberglossary/saml,SAML,18100,66,17
539,https://www.fortinet.com/resources/cyberglossary/ngfw-vs-utm,NGFW vs UTM,170,7,1
540,https://www.fortinet.com/resources/cyberglossary/cybersecurity-trends-2026,Cybersecurity Trends,,,2
541,https://www.fortinet.com/resources/cyberglossary/cybersecurity-best-practices,Cybersecurity Best Practices,,,7
542,https://www.fortinet.com/resources/cyberglossary/what-is-mlsecops,MLOps,,,-
543,https://www.fortinet.com/resources/cyberglossary/quantum-cryptanalysis,Quantum Cryptanalysis,,,4
544,https://www.fortinet.com/resources/cyberglossary/cybersecurity-risk,Cybersecurity Risks,,,-
545,https://www.fortinet.com/resources/cyberglossary/quantum-cryptography,Quantum Cryptography,,,-