,,,,,,,,,2025 Dec Wk5,AIO,2026 Wk1,AIO,2026 Wk2,AIO,2026 Wk3,AIO,2026 Wk4,AIO,2026 Wk5,AIO,2026 Wk6,AIO,2026 Wk7,AIO,2026 Wk8,AIO,2026 Wk9,AIO,2026 Wk10,AIO,2026 Wk11,AIO,2026 Wk12,AIO,2026 Wk13,AIO,2026 Wk14,AIO,2026 Wk15,AIO,2026 Wk16,AIO,2026 Wk17,AIO,2026 Wk18,AIO,2026 Wk19,AIO,2026 Wk20,AIO,2026 Wk21,AIO,2026 Wk22,AIO,2026 Wk23,AIO,2026 Wk24,AIO,2026 Wk25,AIO,2026 Wk26,AIO,2026 Wk27,AIO,2026 Wk28,AIO,2026 Wk29,AIO,2026 Wk30,AIO,2026 Wk31,AIO,2026 Wk32,AIO,2026 Wk33,AIO,2026 Wk34,AIO,2026 Wk35,AIO,2026 Wk36,AIO,2026 Wk37,AIO,2026 Wk38,AIO,2026 Wk39,AIO,2026 Wk40,AIO,Trendline,Key Metrics,
,,,,,,,,,4,,4,,4,,44,,44,,45,,45,,44,,44,,44,,46,,46,,61,,59,,59,,58,,54,,59,,58,,57,,56,,55,,57,,57,,54,,57,,58,,58,,58,,58,,57,,57,,57,,57,,58,,56,,56,,54,,55,,54,,54,,,# of keywords on page 1,
,,,,,,,,,1,,0,,0,,2,,2,,2,,1,,2,,2,,1,,0,,2,,2,,2,,1,,1,,5,,0,,2,,2,,2,,2,,1,,2,,1,,1,,2,,2,,2,,1,,1,,1,,1,,1,,1,,3,,3,,5,,5,,7,,4,,,# of keywords on page 2,
,,,,,,,,,0,,1,,0,,0,,1,,0,,0,,0,,1,,1,,0,,0,,0,,1,,1,,0,,0,,0,,0,,1,,2,,1,,1,,0,,0,,0,,0,,0,,0,,0,,1,,1,,1,,1,,0,,0,,0,,3,,1,,0,,2,,,# of keywords on page 3,
,,,,,,,,,0,,0,,1,,1,,0,,1,,1,,1,,0,,0,,1,,0,,2,,0,,0,,0,,0,,0,,0,,0,,0,,0,,0,,0,,0,,0,,0,,0,,0,,0,,0,,0,,0,,0,,0,,0,,0,,0,,2,,2,,3,,,# of keywords on > page 3,
,,,,,,,,,4,,4,,4,,24,,22,,21,,22,,23,,24,,30,,28,,30,,34,,35,,29,,30,,32,,32,,31,,31,,30,,28,,30,,26,,28,,24,,27,,27,,35,,30,,29,,28,,27,,21,,22,,20,,23,,24,,25,,22,,24,,,# of keywords on position 1,
,,,,,,,,,1,,2,,2,,2,,2,,2,,4,,4,,4,,4,,3,,2,,2,,2,,1,,0,,0,,0,,2,,2,,2,,2,,2,,2,,2,,2,,2,,2,,2,,2,,2,,2,,2,,2,,2,,2,,2,,2,,2,,2,,2,,,# of keywords on Featured snippet,
,,,,,,,,,1,,2,,2,,2,,2,,2,,3,,4,,4,,4,,4,,3,,2,,2,,2,,1,,0,,0,,1,,2,,2,,2,,2,,2,,2,,2,,2,,2,,2,,2,,2,,2,,2,,2,,2,,2,,2,,2,,2,,2,,2,,,Moving Avg. of  Featured snippet ,
,,,,,,,,,0,,0,,0,,4,,4,,3,,4,,4,,4,,5,,4,,16,,7,,10,,11,,13,,13,,14,,13,,13,,13,,15,,14,,14,,18,,15,,13,,13,,13,,14,,14,,14,,14,,14,,14,,14,,14,,11,,10,,10,,10,,,# of keywords wihtout ranking,
,,,,,,,,,1,,0,,1,,7,,7,,9,,9,,8,,10,,10,,10,,9,,9,,10,,10,,11,,12,,11,,11,,11,,11,,11,,11,,12,,13,,13,,10,,11,,12,,13,,13,,11,,9,,9,,10,,10,,10,,10,,9,,10,,11,,,# of AIO keywords ranking,
,,,,,,,,,,,,,,,,,,,,,,,,,,,,,,,,,,,,,,,,,,,,,,,,,,,,,,,,,,,,,,,,,,,,,,,,,,,,,,,,,,,,,,,,,,,,,
,,,,,,,,,1,,0,,0,,39,,11,,12,,10,,12,,11,,12,,10,,11,,18,,13,,13,,12,,12,,9,,10,,10,,5,,5,,13,,12,,10,,8,,11,,7,,27,,14,,7,,8,,12,,13,,7,,8,,18,,21,,14,,12,,18,,,# of keywords with positive movement,
,,,,,,,,,9,,9,,8,,9,,29,,29,,25,,31,,29,,29,,31,,36,,28,,38,,31,,34,,36,,36,,36,,38,,39,,34,,37,,36,,36,,34,,45,,42,,20,,25,,36,,36,,39,,29,,44,,33,,37,,24,,38,,32,,29,,,# of keywords with No movement,
,,,,,,,,,2,,2,,3,,1,,9,,9,,14,,6,,9,,7,,8,,4,,19,,11,,17,,13,,11,,14,,14,,12,,16,,19,,9,,12,,9,,16,,4,,11,,13,,20,,16,,15,,8,,17,,8,,18,,4,,17,,11,,19,,16,,,# of keywords with negative movement,
,,,,,,,,,12,,11,,11,,53,,53,,53,,53,,53,,53,,53,,53,,67,,72,,72,,72,,72,,72,,73,,73,,73,,73,,73,,73,,74,,73,,73,,73,,73,,73,,73,,73,,73,,73,,73,,73,,73,,73,,73,,73,,73,,73,,,Total # of keywords,
,,,,,,,,,,,,,,,,,,,,,,,,,,,,,,,,,,,,,,,,,,,,,,,,,,,,,,,,,,,,,,,,,,,,,,,,,,,,,,,,,,,,,,,,,,,,,
Sno,"Web page
(=IMPORTXML(D3,""//title"")",URLs,Target Keywords ,Combined,SV,KD,Competitive Density,Intent,2025 Dec Wk5,AIO,2026 Wk1,AIO,2026 Wk2,AIO,2026 Wk3,AIO,2026 Wk4,AIO,2026 Wk5,AIO,2026 Wk6,AIO,2026 Wk7,AIO,2026 Wk8,AIO,2026 Wk9,AIO,2026 Wk10,AIO,2026 Wk11,AIO,2026 Wk12,AIO,2026 Wk13,AIO,2026 Wk14,AIO,2026 Wk15,AIO,2026 Wk16,AIO,2026 Wk17,AIO,2026 Wk18,AIO,2026 Wk19,AIO,2026 Wk20,AIO,2026 Wk21,AIO,2026 Wk22,AIO,2026 Wk23,AIO,2026 Wk24,AIO,2026 Wk25,AIO,2026 Wk26,AIO,2026 Wk27,AIO,2026 Wk28,AIO,2026 Wk29,AIO,2026 Wk30,AIO,2026 Wk31,AIO,2026 Wk32,AIO,2026 Wk33,AIO,2026 Wk34,AIO,2026 Wk35,AIO,2026 Wk36,AIO,2026 Wk37,AIO,2026 Wk38,AIO,2026 Wk39,AIO,2026 Wk40,AIO,Trendline,Current vs Previous week,Baseline vs Current Week
1,Kinsing & Dark.IoT botnet among threats targeting CVE-2022-26134 | Fortinet,https://www.fortinet.com/resources/articles/kinsing-dark-iot-botnet,Kinsing And Dark Iot Botnet,https://www.fortinet.com/resources/articles/kinsing-dark-iot-botnetKinsing And Dark Iot Botnet,0,18,,,1,No,1,No,1,NA,1,No,1,No,1,No,1,No,1,No,1,No,1,No,1,No,1,No,1,No,1,No,1,No,1,No,1,No,1,No,1,No,1,No,1,No,1,No,1,No,1,No,1,No,1,No,1,No,1,No,1,No,1,No,1,No,1,No,1,No,1,No,1,No,1,No,1,No,1,No,1,No,1,No,1,No,,0,0
2,Sysrv-Hello Expands Infrastructure | Fortinet,https://www.fortinet.com/resources/articles/sysrv-hello,Sysrv - Hello,https://www.fortinet.com/resources/articles/sysrv-helloSysrv - Hello,0,6,0.33,,1,No,1,No,1,NA,1,No,1,No,1,No,1,No,1,No,1,No,1,No,1,No,1,No,1,No,1,No,1,No,1,No,1,No,1,No,1,No,1,No,1,No,1,No,1,No,1,No,1,No,1,No,1,No,1,No,1,No,1,No,1,No,1,No,1,No,1,No,1,No,1,No,1,No,1,No,1,No,1,No,1,No,,0,0
3,Top 8 Cloud Security Solutions: Future-Proof Your Infrastructure | Fortinet,https://www.fortinet.com/resources/articles/top-cloud-security-solutions,Cloud Security Solutions,https://www.fortinet.com/resources/articles/top-cloud-security-solutionsCloud Security Solutions,5400,53,0.12,Informational,20,No,22,No,83,No,55,No,23,No,32,No,38,No,38,No,27,No,23,No,41,No,17,No,16,No,13,No,1,No,10,No,13,No,8,No,18,No,15,No,12,No,12,No,7,Yes,10,Yes,6,No,4,Yes,4,No,5,No,13,No,10,No,8,No,9,No,8,No,7,No,10,No,17,No,12,No,13,No,13,No,13,No,25,No,,-12,-18
4,Carbine Loader Cryptojacking Campaign | Fortinet,https://www.fortinet.com/resources/articles/carbine-loader-cryptojacking,Carbine Cryptojacking CampAIgn,https://www.fortinet.com/resources/articles/carbine-loader-cryptojackingCarbine Cryptojacking CampAIgn,10,16,,,1,No,1,No,1,NA,1,No,1,No,1,No,1,No,1,No,1,No,1,No,1,No,1,No,1,No,1,No,1,No,1,No,1,No,1,No,1,No,1,No,1,No,1,No,1,No,1,No,1,No,1,No,1,No,1,No,1,No,1,No,1,No,1,No,1,No,7,No,10,No,7,No,8,No,1,No,2,No,2,No,1,No,,1,0
5,Androxghost the Python Malware Exploiting Your AWS keys | Fortinet,https://www.fortinet.com/resources/articles/androxgh0st-the-python-malware-exploiting-your-aws-keys,Androxgh0St – The Python Malware Exploiting Your Aws Keys,https://www.fortinet.com/resources/articles/androxgh0st-the-python-malware-exploiting-your-aws-keysAndroxgh0St – The Python Malware Exploiting Your Aws Keys,0,4,,,1,Yes,1,No,1,Yes,1,No,1,No,1,No,1,No,1,No,1,No,1,No,1,No,1,No,1,No,1,No,1,No,1,No,1,No,1,No,1,No,1,No,1,No,1,No,1,No,1,No,1,No,1,No,1,No,1,No,1,No,1,No,1,No,1,No,1,No,1,No,1,No,1,No,1,No,1,No,1,No,1,No,1,No,,0,0
6,Cybersecurity Incident Management: Key Steps & Best Practices | Fortinet,https://www.fortinet.com/resources/articles/cybersecurity-incident-management,Cybersecurity Incident Management,https://www.fortinet.com/resources/articles/cybersecurity-incident-managementCybersecurity Incident Management,20,44,0.2,,,,,,,,1,No,1,No,1,No,1,No,1,No,1,No,1,No,1,No,1,No,1,No,1,No,1,No,1,No,1,No,1,No,1,No,1,No,1,No,1,No,1,No,1,No,1,No,1,No,1,No,1,No,1,No,1,No,1,No,1,No,1,No,1,No,1,No,1,No,1,No,2,No,1,No,1,No,1,No,,0,0
7,DLP Security Checklist: Steps to Better Data Loss Prevention | Fortinet,https://www.fortinet.com/resources/articles/dlp-security-checklist,Dlp Security Checklist,https://www.fortinet.com/resources/articles/dlp-security-checklistDlp Security Checklist,0,16,,,,,,,,,1,No,1,No,1,No,1,No,1,No,1,No,1,No,1,No,1,No,1,No,1,No,1,No,1,No,1,No,1,No,1,No,1,No,1,No,1,No,1,No,1,No,1,Yes,1,No,1,No,1,No,1,No,1,No,1,No,1,No,1,No,1,No,1,No,1,No,1,No,1,No,1,No,1,No,1,No,,0,0
8,"Non-Banking Financial Institutions Get New Data Breach Reporting Rules | 
Fortinet",https://www.fortinet.com/resources/articles/new-data-breach-rules-for-nonbanking-financial-institutions,New Data Breach Rules For Nonbanking Financial Institutions,https://www.fortinet.com/resources/articles/new-data-breach-rules-for-nonbanking-financial-institutionsNew Data Breach Rules For Nonbanking Financial Institutions,0,7,,,,,,,,,2,No,2,No,2,No,2,No,2,No,2,No,2,No,1,No,2,No,2,No,2,No,2,No,2,No,2,No,2,No,2,No,2,No,2,No,2,No,2,No,2,No,2,No,2,No,2,No,1,No,1,No,1,No,2,No,2,No,2,No,2,No,2,No,2,No,2,No,1,No,2,No,2,No,2,No,,0,0
9,Penalties For HIPAA Violations & Non-Compliance | Fortinet,https://www.fortinet.com/resources/articles/penalties-for-hipaa-violations-and-noncompliance,Penalties For Hipaa Violations And Noncompliance,https://www.fortinet.com/resources/articles/penalties-for-hipaa-violations-and-noncompliancePenalties For Hipaa Violations And Noncompliance,0,56,,,,,,,,,4,No,5,No,5,No,4,No,4,No,4,No,4,No,5,No,4,No,5,No,5,No,5,No,4,No,5,No,4,No,4,No,4,No,4,No,4,No,4,No,4,No,4,No,4,No,4,No,3,No,1,No,3,No,3,No,3,No,3,No,3,No,3,No,4,No,3,No,4,No,4,No,20,No,4,No,,16,0
10,Latest Changes to ISO 27001:2022 - Data Loss Prevention | Fortinet,https://www.fortinet.com/resources/articles/changes-to-iso-27001-2022,Changes To Iso 27001 2022,https://www.fortinet.com/resources/articles/changes-to-iso-27001-2022Changes To Iso 27001 2022,0,34,,,,,,,,,1,No,1,No,6,No,1,No,1,No,6,No,1,No,1,No,1,No,6,No,1,No,9,No,1,No,5,No,9,No,7,No,1,No,6,No,1,No,1,No,8,No,7,No,5,No,5,No,5,No,1,No,1,No,6,No,6,No,6,No,8,No,7,No,7,No,3,No,3,No,5,No,4,No,40,No,,-36,-39
11,How to conduct a HIPAA compliance audit in 7 steps | Fortinet,https://www.fortinet.com/resources/articles/how-to-conduct-a-hipaa-compliance-audit,How To Conduct A Hipaa Compliance Audit,https://www.fortinet.com/resources/articles/how-to-conduct-a-hipaa-compliance-auditHow To Conduct A Hipaa Compliance Audit,0,25,,,,,,,,,3,No,3,No,3,No,3,No,3,No,3,No,2,No,2,No,2,No,3,No,3,No,2,No,2,No,3,No,3,No,2,No,2,No,2,No,1,No,1,No,3,No,1,No,2,No,2,No,2,No,1,No,2,No,2,No,2,No,2,No,2,No,3,No,3,No,3,No,2,No,2,No,6,No,2,No,,4,-1
12,6 Steps to Implementing a Data Loss Prevention (DLP) Strategy | Fortinet,https://www.fortinet.com/resources/articles/how-to-implement-a-dlp-strategy,How To Implement A Dlp Strategy,https://www.fortinet.com/resources/articles/how-to-implement-a-dlp-strategyHow To Implement A Dlp Strategy,0,26,,,,,,,,,2,No,2,No,2,No,2,No,1,No,2,No,2,No,2,No,2,No,2,No,2,No,2,No,1,No,2,No,2,No,2,No,2,No,2,No,2,No,2,No,2,No,2,No,2,No,2,No,2,No,1,No,2,No,2,No,2,No,2,No,2,No,2,No,2,No,2,No,2,No,2,No,2,No,2,No,,0,0
13,Addressing Bias in Insider Risk Monitoring | Fortinet,https://www.fortinet.com/resources/articles/addressing-bias-insider-risk-monitoring,Addressing Bias Insider Risk Monitoring,https://www.fortinet.com/resources/articles/addressing-bias-insider-risk-monitoringAddressing Bias Insider Risk Monitoring,0,16,,,,,,,,,1,No,1,No,1,No,1,No,2,No,1,No,1,No,1,No,1,No,1,No,1,No,1,No,1,No,1,No,2,No,1,No,1,No,1,No,1,No,1,No,1,No,1,Yes,1,No,1,No,1,No,1,No,1,No,1,No,1,No,1,No,1,No,1,No,1,No,1,No,1,No,1,No,1,No,1,No,,0,0
14,"Data Loss Prevention Software: What to Look for When Buying a DLP Tool | 
Fortinet",https://www.fortinet.com/resources/articles/dlp-software-solution-considerations,Dlp Software Solution Considerations,https://www.fortinet.com/resources/articles/dlp-software-solution-considerationsDlp Software Solution Considerations,0,22,,,,,,,,,1,No,1,No,1,No,1,No,1,No,1,No,1,No,1,No,1,No,1,No,1,No,1,No,1,No,1,No,1,No,1,No,1,No,1,No,1,No,1,No,1,No,1,Yes,1,No,1,No,1,No,1,No,1,No,1,No,1,No,1,No,1,No,1,No,1,No,1,No,1,No,1,No,1,No,2,No,,-1,-1
15,The Ultimate HIPAA Compliance Checklist (with PDF) | Fortinet,https://www.fortinet.com/resources/articles/hipaa-compliance-checklist,Hipaa Compliance Checklist,https://www.fortinet.com/resources/articles/hipaa-compliance-checklistHipaa Compliance Checklist,1300,28,0.27,Informational,,,,,,,6,No,5,No,4,No,1,No,1,No,1,No,1,No,2,No,1,No,2,No,3,Yes,2,Yes,2,Yes,1,Yes,1,Yes,2,Yes,2,Yes,2,Yes,2,Yes,2,Yes,2,Yes,2,Yes,2,Yes,2,Yes,4,Yes,1,Yes,2,Yes,2,Yes,2,Yes,2,Yes,3,No,3,No,3,No,3,No,2,Yes,2,Yes,2,Yes,2,Yes,,0,0
16,10 Best HIPAA-compliant Telehealth Platforms In 2024 | Fortinet,https://www.fortinet.com/resources/articles/hipaa-compliant-telehealth-platforms,Hipaa Compliant Telehealth Platforms,https://www.fortinet.com/resources/articles/hipaa-compliant-telehealth-platformsHipaa Compliant Telehealth Platforms,720,36,0.05,Informational,,,,,,,1,No,1,No,1,No,1,No,1,No,2,No,1,No,2,No,2,No,2,No,3,No,2,No,2,No,2,No,1,No,2,No,2,No,1,No,2,No,2,No,2,No,1,Yes,2,Yes,2,Yes,1,Yes,2,Yes,1,Yes,1,Yes,2,Yes,1,Yes,2,Yes,2,Yes,2,Yes,2,Yes,2,Yes,1,Yes,2,Yes,2,Yes,,0,0
17,10 Best HIPAA-compliant Video Conferencing Platforms in 2024 | Fortinet,https://www.fortinet.com/resources/articles/hipaa-compliant-video-conferencing-platforms,Hipaa Compliant Video Conferencing,https://www.fortinet.com/resources/articles/hipaa-compliant-video-conferencing-platformsHipaa Compliant Video Conferencing,590,36,0.09,"Informational, Commercial",,,,,,,2,No,3,No,3,No,2,No,2,No,2,No,1,No,1,No,2,No,1,No,1,No,2,No,2,Yes,1,Yes,1,Yes,1,Yes,1,Yes,1,Yes,2,Yes,1,Yes,1,Yes,1,No,1,Yes,1,Yes,1,Yes,1,Yes,1,Yes,1,No,1,No,1,No,1,Yes,1,Yes,2,Yes,2,Yes,1,No,1,Yes,1,Yes,2,Yes,,-1,-1
18,Is AWS HIPAA Compliant? | Fortinet,https://www.fortinet.com/resources/articles/is-aws-hipaa-compliant,Aws Hipaa Compliance,https://www.fortinet.com/resources/articles/is-aws-hipaa-compliantAws Hipaa Compliance,480,40,0.2,Navigational,,,,,,,15,No,14,No,9,No,10,No,10,No,9,No,8,No,7,No,9,No,8,No,9,No,6,No,6,No,6,No,7,No,7,No,5,No,7,No,9,No,10,No,10,No,9,No,9,No,9,No,8,No,6,No,8,No,9,No,10,No,9,No,2,No,2,No,2,No,1,No,10,No,9,No,10,No,9,No,,1,1
19,Is Dropbox HIPAA Compliant? | Fortinet,https://www.fortinet.com/resources/articles/is-dropbox-hipaa-compliant,Is Dropbox Hipaa Compliant,https://www.fortinet.com/resources/articles/is-dropbox-hipaa-compliantIs Dropbox Hipaa Compliant,590,20,0.31,Informational,,,,,,,9,No,6,No,8,No,9,No,8,No,6,No,1,No,4,No,4,No,6,No,6,No,9,No,9,No,8,No,7,No,7,No,7,No,7,No,8,No,8,No,8,No,8,Yes,9,No,8,No,8,No,8,No,7,No,8,No,7,No,7,No,9,No,9,No,8,No,10,No,8,No,7,No,8,No,6,No,,2,2
20,Is Google Drive HIPAA Compliant? | Fortinet,https://www.fortinet.com/resources/articles/is-google-drive-hipaa-compliant,Is Google Drive Hipaa Compliant,https://www.fortinet.com/resources/articles/is-google-drive-hipaa-compliantIs Google Drive Hipaa Compliant,590,30,0.06,Informational,,,,,,,8,Yes,8,Yes,2,Yes,1,Yes,1,Yes,6,Yes,7,Yes,1,Yes,1,Yes,9,Yes,3,Yes,2,Yes,6,Yes,1,Yes,2,Yes,1,Yes,3,Yes,3,Yes,5,Yes,4,Yes,2,Yes,6,Yes,7,Yes,7,Yes,7,Yes,1,Yes,5,Yes,8,Yes,6,Yes,2,Yes,8,No,8,No,8,No,8,No,2,Yes,1,Yes,2,Yes,2,Yes,,0,2
21,Is WhatsApp HIPAA Compliant? | Fortinet,https://www.fortinet.com/resources/articles/is-whatsapp-hipaa-compliant,Is Whatsapp Hipaa Compliant,https://www.fortinet.com/resources/articles/is-whatsapp-hipaa-compliantIs Whatsapp Hipaa Compliant,480,11,0.05,Informational,,,,,,,1,Yes,1,Yes,4,Yes,6,Yes,3,Yes,4,Yes,5,Yes,5,Yes,3,No,1,No,5,No,4,No,4,No,2,No,2,No,5,No,4,No,5,No,5,No,4,No,3,No,3,No,4,No,4,No,4,Yes,2,Yes,4,Yes,3,Yes,5,Yes,4,Yes,2,Yes,2,Yes,4,Yes,3,Yes,3,Yes,5,Yes,4,Yes,6,Yes,,-2,-2
22,5 Key Benefits of Effective Endpoint DLP | Fortinet,https://www.fortinet.com/resources/articles/key-benefits-of-effective-endpoint-dlp,Key Benefits Of Effective Endpoint Dlp,https://www.fortinet.com/resources/articles/key-benefits-of-effective-endpoint-dlpKey Benefits Of Effective Endpoint Dlp,0,22,,,,,,,,,1,No,1,No,1,No,1,No,1,No,1,No,1,No,1,No,1,No,1,No,1,No,1,No,1,No,1,No,1,No,1,No,1,No,1,No,1,No,1,No,1,No,1,No,1,No,1,No,1,No,2,No,1,No,1,No,1,No,1,No,2,No,3,No,4,No,3,No,1,No,1,No,2,No,1,No,,1,0
23,Strategies To Defend Against Insider Threats | Fortinet,https://www.fortinet.com/resources/articles/strategies-to-defend-against-insider-threats,Strategies To Defend AgAInst Insider Threats,https://www.fortinet.com/resources/articles/strategies-to-defend-against-insider-threatsStrategies To Defend AgAInst Insider Threats,0,23,,,,,,,,,2,No,2,No,2,No,2,No,2,No,2,No,2,No,1,No,1,No,2,No,1,No,2,No,1,No,1,No,2,No,2,No,2,No,1,No,1,No,1,No,2,No,2,No,1,No,2,No,2,No,5,No,2,No,2,No,2,No,2,No,4,Yes,3,Yes,3,Yes,3,Yes,3,No,3,No,2,No,2,No,,0,-1
24,The Rise of Credential Compromise Attacks | Fortinet,https://www.fortinet.com/resources/articles/credential-compromise-attacks,Credential Compromise Attacks,https://www.fortinet.com/resources/articles/credential-compromise-attacksCredential Compromise Attacks,0,37,,,,,,,,,1,No,1,No,1,No,2,No,2,No,1,No,3,No,2,No,2,No,3,No,2,No,1,No,2,No,2,No,1,No,2,No,2,No,2,No,2,No,2,No,2,No,2,No,4,No,2,No,2,No,3,No,2,No,3,No,2,No,2,No,2,No,2,No,2,No,2,No,2,No,2,No,2,No,2,No,,0,0
25,How Do I Achieve Cybersecurity Compliance? | Fortinet,https://www.fortinet.com/resources/articles/how-do-i-achieve-cyber-security-compliance,How Do I Achieve Cyber Security Compliance,https://www.fortinet.com/resources/articles/how-do-i-achieve-cyber-security-complianceHow Do I Achieve Cyber Security Compliance,0,27,,,,,,,,,2,No,1,No,1,No,1,No,1,No,1,No,1,No,1,No,1,No,1,No,1,No,1,No,1,No,1,No,1,No,1,No,1,No,1,No,1,No,1,No,1,No,1,Yes,1,No,1,No,1,No,2,No,1,No,1,No,1,No,1,No,1,No,1,No,1,No,1,No,2,No,2,No,2,No,2,No,,0,-1
26,Is Microsoft Teams HIPAA Compliant? | Fortinet,https://www.fortinet.com/resources/articles/is-microsoft-teams-hipaa-compliant,Is Microsoft Teams Hipaa Compliant,https://www.fortinet.com/resources/articles/is-microsoft-teams-hipaa-compliantIs Microsoft Teams Hipaa Compliant,480,15,0.04,Informational,,,,,,,7,No,8,No,5,No,7,No,7,No,1,No,1,No,1,No,1,No,1,No,1,No,5,Yes,4,Yes,1,Yes,2,Yes,1,Yes,1,Yes,2,Yes,3,Yes,9,No,7,No,8,No,8,No,8,No,8,No,1,No,7,No,9,Yes,9,Yes,7,Yes,5,No,5,No,6,No,5,No,7,Yes,7,No,3,No,7,No,,-4,2
27,8 Common HIPAA Violations | Fortinet,https://www.fortinet.com/resources/articles/common-hipaa-violations,Common Hipaa Violations,https://www.fortinet.com/resources/articles/common-hipaa-violationsCommon Hipaa Violations,170,22,0.02,Informational,,,,,,,10,No,9,No,5,No,8,No,7,No,1,No,1,No,3,No,1,No,6,No,1,No,2,No,1,No,2,Yes,3,Yes,1,Yes,1,Yes,1,Yes,1,Yes,1,Yes,1,Yes,2,No,4,Yes,1,Yes,2,Yes,2,Yes,2,Yes,3,Yes,2,No,2,No,3,No,3,No,3,No,3,No,1,No,1,No,1,No,1,No,,0,0
28,Why Cloud Identity Attacks Are Gaining Traction | Fortinet,https://www.fortinet.com/resources/articles/cloud-identity-attacks-are-gaining-traction,Cloud Identity Attacks Are GAIning Traction,https://www.fortinet.com/resources/articles/cloud-identity-attacks-are-gaining-tractionCloud Identity Attacks Are GAIning Traction,0,22,,,,,,,,,1,No,1,No,1,No,1,No,1,No,1,No,1,No,1,No,1,No,1,No,1,No,1,No,1,No,1,No,1,No,1,No,1,No,1,No,1,No,1,No,1,No,1,No,1,No,1,No,1,No,1,No,1,No,1,No,1,No,1,No,1,No,1,No,1,No,1,No,1,No,1,No,1,No,1,No,,0,0
29,Is Gmail HIPAA compliant? | Fortinet,https://www.fortinet.com/resources/articles/is-gmail-hipaa-compliant,Is GmAIl Hipaa Compliant,https://www.fortinet.com/resources/articles/is-gmail-hipaa-compliantIs GmAIl Hipaa Compliant,720,19,0.11,Informational,,,,,,,6,No,5,No,3,No,5,No,1,No,6,No,5,No,5,No,4,No,6,No,1,No,2,No,4,No,2,No,2,No,2,No,2,No,3,No,4,No,5,No,2,Yes,3,Yes,5,Yes,4,Yes,4,Yes,2,Yes,3,Yes,4,Yes,6,No,5,No,4,No,3,No,4,No,4,No,4,No,5,No,6,No,4,No,,2,1
30,Is Google Voice HIPAA Compliant? | Fortinet,https://www.fortinet.com/resources/articles/is-google-voice-hipaa-compliant,Is Google Voice Hipaa Compliant,https://www.fortinet.com/resources/articles/is-google-voice-hipaa-compliantIs Google Voice Hipaa Compliant,590,14,0.21,Informational,,,,,,,1,No,6,No,7,Yes,5,Yes,5,Yes,8,Yes,1,Yes,6,Yes,4,Yes,3,Yes,2,Yes,4,No,6,No,4,No,4,No,5,No,5,No,5,No,8,No,6,Yes,6,Yes,5,No,7,Yes,6,Yes,7,Yes,4,Yes,7,Yes,7,No,7,No,7,No,7,Yes,8,Yes,7,Yes,6,Yes,6,No,7,No,8,No,7,No,,1,-1
31,Is Slack HIPAA Compliant? | Fortinet,https://www.fortinet.com/resources/articles/is-slack-hipaa-compliant,Is Slack Hipaa Compliant,https://www.fortinet.com/resources/articles/is-slack-hipaa-compliantIs Slack Hipaa Compliant,320,23,0.24,Informational,,,,,,,10,Yes,8,Yes,13,Yes,7,Yes,11,No,11,No,12,No,2,No,2,No,5,No,4,No,3,No,5,No,5,No,5,No,6,No,5,No,5,No,2,No,5,No,4,No,5,No,4,No,3,No,2,No,5,No,4,No,3,No,6,No,3,No,6,No,6,No,8,No,6,No,7,No,3,No,2,Yes,2,Yes,,0,3
32,Groundhog Botnet Rapidly Infecting Cloud | Fortinet | Fortinet,https://www.fortinet.com/resources/articles/groundhog-botnet,Groundhog Botnet,https://www.fortinet.com/resources/articles/groundhog-botnetGroundhog Botnet,0,14,0,,,,,,,,1,No,1,No,1,No,1,No,1,No,1,No,1,No,1,No,1,No,1,No,1,No,1,No,1,No,1,No,1,No,1,No,1,No,1,No,1,No,1,No,1,No,1,No,1,No,1,No,1,No,1,No,1,No,1,No,1,No,1,No,1,No,1,No,1,No,1,No,1,No,1,No,1,No,1,No,,0,0
33,"Anomaly Detection and the XZ-Utils Zero-Day: A Composite Alert 
Demonstration Story | Fortinet",https://www.fortinet.com/resources/articles/xz-utils-vulnerability,XZ Utils Vulnerability,https://www.fortinet.com/resources/articles/xz-utils-vulnerabilityXZ Utils Vulnerability,50,47,0.03,"Informational, Commercial",,,,,,,20,No,15,No,14,No,14,No,14,No,14,No,-,No,7,No,11,No,11,No,11,No,11,No,9,No,14,No,10,No,11,No,16,No,12,No,12,No,12,No,13,No,13,No,13,No,13,No,13,No,14,No,10,No,11,No,14,No,11,No,3,No,3,No,1,No,1,No,12,No,12,No,16,No,14,No,,2,-2
34,Detecting AI Resource-Hijacking With Composite Alerts | Fortinet,https://www.fortinet.com/resources/articles/detecting-ai-resource-hijacking-with-composite-alerts,Detecting AI Resource Hijacking With Composite Alerts,https://www.fortinet.com/resources/articles/detecting-ai-resource-hijacking-with-composite-alertsDetecting AI Resource Hijacking With Composite Alerts,0,7,,,,,,,,,1,No,1,No,1,No,-,No,-,No,-,No,-,No,-,No,1,No,1,No,1,No,1,No,1,No,1,No,1,No,1,No,1,No,1,No,1,No,1,No,1,No,1,No,1,No,1,No,1,No,2,No,1,No,1,No,1,No,1,No,1,No,1,No,1,No,1,No,1,No,1,No,1,No,1,No,,0,0
35,Is DocuSign HIPAA compliant? | Fortinet,https://www.fortinet.com/resources/articles/is-docusign-hipaa-compliant,Is Docusign Hipaa Compliant,https://www.fortinet.com/resources/articles/is-docusign-hipaa-compliantIs Docusign Hipaa Compliant,480,35,0.41,"Informational, Transactional",,,,,,,4,Yes,3,Yes,1,Yes,4,Yes,3,Yes,1,Yes,1,Yes,1,Yes,1,Yes,1,Yes,1,Yes,3,Yes,1,Yes,1,Yes,1,Yes,1,Yes,1,Yes,2,Yes,4,Yes,4,Yes,3,Yes,5,Yes,5,Yes,5,No,6,No,1,No,5,No,4,No,1,No,1,No,5,No,3,No,6,No,4,No,1,Yes,2,Yes,3,Yes,1,Yes,,2,3
36,Is eFax HIPAA Compliant? | Fortinet,https://www.fortinet.com/resources/articles/is-efax-hipaa-compliant,Is Efax Hipaa Compliant,https://www.fortinet.com/resources/articles/is-efax-hipaa-compliantIs Efax Hipaa Compliant,140,25,0.66,Informational,,,,,,,4,Yes,7,Yes,4,Yes,5,Yes,4,Yes,3,Yes,3,Yes,3,Yes,1,Yes,1,Yes,1,Yes,1,Yes,1,Yes,3,Yes,2,Yes,2,Yes,2,Yes,5,Yes,4,Yes,3,Yes,3,Yes,5,Yes,6,Yes,5,No,5,No,3,No,1,No,1,No,5,No,3,No,7,No,9,No,7,No,7,No,4,No,4,No,6,No,6,No,,0,-3
37,Is FaceTime HIPAA Compliant? | Fortinet,https://www.fortinet.com/resources/articles/is-facetime-hipaa-compliant,Is Facetime Hipaa Compliant,https://www.fortinet.com/resources/articles/is-facetime-hipaa-compliantIs Facetime Hipaa Compliant,320,11,0.01,Informational,,,,,,,1,Yes,3,Yes,1,Yes,1,Yes,2,Yes,2,Yes,1,Yes,1,Yes,1,Yes,1,Yes,1,Yes,2,Yes,2,Yes,1,Yes,1,Yes,1,Yes,1,Yes,1,Yes,4,Yes,3,Yes,1,Yes,3,No,2,No,2,No,3,No,1,No,3,No,1,No,1,No,1,No,7,No,7,No,8,No,7,No,1,Yes,1,Yes,1,Yes,1,Yes,,0,2
38,How to become HIPAA compliant in 10 steps | Fortinet,https://www.fortinet.com/resources/articles/how-to-become-hipaa-compliant,How To Become Hipaa Compliant,https://www.fortinet.com/resources/articles/how-to-become-hipaa-compliantHow To Become Hipaa Compliant,320,43,0.36,Informational,,,,,,,1,No,3,No,3,Yes,4,Yes,1,Yes,1,Yes,1,Yes,1,Yes,1,Yes,1,Yes,4,Yes,6,Yes,5,Yes,4,Yes,5,Yes,5,Yes,4,Yes,3,Yes,4,Yes,1,No,1,No,1,No,2,No,1,No,1,No,4,No,1,Yes,1,Yes,1,Yes,1,Yes,3,No,3,No,2,No,2,No,1,Yes,1,Yes,1,Yes,1,Yes,,0,0
39,CNAPP Implementation Guide: Securing Modern Cloud Apps | Fortinet,https://www.fortinet.com/resources/articles/how-to-implement-cnapp,Implementing cnapp,https://www.fortinet.com/resources/articles/how-to-implement-cnappImplementing cnapp,0,9,,,,,,,,,,,,,,,,,,,,,,,,,-,No,1,No,1,No,2,No,2,No,2,No,1,No,2,No,2,No,2,No,3,No,1,No,2,No,1,No,2,No,1,No,1,No,1,No,1,No,1,No,1,No,1,No,1,No,1,No,1,No,1,No,14,No,12,No,12,No,3,No,,9,-2
40,"FortiWeb WAF: Your First Line Of Defense Against Zero-Day And Bot Attacks | 
Fortinet",https://www.fortinet.com/resources/articles/defending-against-zero-day-and-bot-attacks,defense against zero day attackshow to prevent bot attacks,https://www.fortinet.com/resources/articles/defending-against-zero-day-and-bot-attacksdefense against zero day attackshow to prevent bot attacks,0,16,,,,,,,,,,,,,,,,,,,,,,,,,-,No,1,No,1,No,1,No,1,No,1,No,1,No,1,No,1,No,1,No,1,No,1,No,1,No,1,No,1,No,1,No,1,No,1,No,1,No,1,No,1,No,1,No,1,No,1,No,1,No,1,No,1,No,1,No,1,No,1,No,,0,0
41,How FortiWeb WAF Transformed E-Commerce Security And Performance | Fortinet,https://www.fortinet.com/resources/articles/fortiweb-waf-transformed-ecommerce-security,How FortiWeb WAF Transformed E-Commerce Security and Performance,https://www.fortinet.com/resources/articles/fortiweb-waf-transformed-ecommerce-securityHow FortiWeb WAF Transformed E-Commerce Security and Performance,0,0,,,,,,,,,,,,,,,,,,,,,,,,,-,No,1,No,1,No,1,No,1,No,1,No,1,No,1,No,1,No,1,No,1,No,1,No,1,No,1,No,1,No,1,No,1,No,1,No,1,No,1,No,1,No,1,No,1,No,1,No,1,No,1,No,1,No,1,No,1,No,1,No,,0,0
42,5 SecOps Use Cases That Reduce Mean Time to Respond (MTTR) | Fortinet,https://www.fortinet.com/resources/articles/reduce-mttr-secops-use-cases,SecOps use cases to reduce MTTR,https://www.fortinet.com/resources/articles/reduce-mttr-secops-use-casesSecOps use cases to reduce MTTR,0,10,,,,,,,,,,,,,,,,,,,,,,,,,-,No,1,No,1,No,1,No,1,No,1,No,1,No,1,No,1,No,1,No,1,No,1,No,1,No,1,No,1,No,1,No,1,No,1,No,1,No,1,No,1,No,1,No,1,No,1,No,1,No,1,No,1,No,1,No,1,No,1,No,,0,0
43,Achieve Crypto-Agility for Quantum Readiness | Fortinet,https://www.fortinet.com/resources/articles/crypto-agility-quantum-readiness,Crypto-Agility For Quantum Readiness,https://www.fortinet.com/resources/articles/crypto-agility-quantum-readinessCrypto-Agility For Quantum Readiness,0,16,,,,,,,,,,,,,,,,,,,,,,,,,-,No,1,No,1,No,1,No,1,No,1,No,1,No,1,No,1,No,1,No,1,No,1,No,1,No,1,No,1,No,1,No,1,No,1,No,1,No,1,No,1,No,1,No,1,No,1,No,1,No,1,No,5,No,6,No,5,No,6,No,,-1,-5
44,9 Steps to Automate Ransomware Response - Playbook | Fortinet,https://www.fortinet.com/resources/articles/automated-ransomware-response,Automated ransomware response playbook,https://www.fortinet.com/resources/articles/automated-ransomware-responseAutomated ransomware response playbook,0,11,,,,,,,,,,,,,,,,,,,,,,,,,,,1,No,1,No,1,,1,No,1,No,1,No,1,No,1,No,1,No,1,No,1,No,3,No,1,No,1,No,1,No,2,No,1,No,1,No,1,No,1,No,1,No,1,No,1,No,1,No,1,No,1,No,1,No,5,No,1,No,,4,0
45,How to Prepare a Post-Quantum Cryptography Plan | Fortinet,https://www.fortinet.com/resources/articles/post-quantum-cryptography-preparation,post-quantum cryptography plan,https://www.fortinet.com/resources/articles/post-quantum-cryptography-preparationpost-quantum cryptography plan,0,48,,,,,,,,,,,,,,,,,,,,,,,,,,,1,No,2,No,2,,3,No,3,No,2,No,1,No,1,No,2,No,3,No,2,No,3,No,3,No,2,No,2,No,3,No,1,No,3,No,1,No,3,No,3,No,1,No,1,Yes,2,Yes,1,Yes,12,No,8,No,6,No,7,No,,-1,-5
46,The Redis Rush Attacks | Fortinet,https://www.fortinet.com/resources/articles/redis-rush,Redis Rush,https://www.fortinet.com/resources/articles/redis-rushRedis Rush,0,0,0,0,1,No,1,No,1,NA,1,No,1,No,1,No,1,No,1,No,1,No,1,No,1,No,1,No,1,No,1,No,1,No,1,No,1,No,1,No,1,No,1,No,1,No,1,No,1,No,1,No,1,No,1,No,1,No,1,No,1,No,1,No,1,No,1,No,1,No,5,No,5,No,5,No,5,No,2,No,2,No,1,No,2,No,,-1,-1
47,Keksec and Tsunami-Ryuk | Fortinet,https://www.fortinet.com/resources/articles/keksec-tsunami-ryuk,Keksec &Tsunami-Ryuk,https://www.fortinet.com/resources/articles/keksec-tsunami-ryukKeksec &Tsunami-Ryuk,0,3,,,1,No,1,No,2,NA,2,No,1,No,1,No,1,No,1,No,1,No,1,No,1,No,1,No,1,No,1,No,1,No,1,No,1,No,1,No,1,No,1,No,1,No,1,No,1,No,1,No,1,No,1,No,1,No,1,No,1,No,1,No,1,No,1,No,1,No,1,Yes,1,Yes,1,Yes,1,Yes,1,No,1,No,2,No,1,No,,1,0
48,"How Watchdog Smuggles Malware Into Your Network as Uninteresting Photos | 
Fortinet",https://www.fortinet.com/resources/articles/watchdog-smuggles-malware,Watchdog Smuggles Malware,https://www.fortinet.com/resources/articles/watchdog-smuggles-malwareWatchdog Smuggles Malware,0,3,,,1,No,1,No,1,NA,1,No,1,No,1,No,1,No,1,No,1,No,1,No,1,No,1,No,1,No,1,No,1,No,1,No,1,No,1,No,1,No,1,No,1,No,1,No,1,No,1,No,1,No,1,No,1,No,1,No,3,No,1,No,1,No,1,No,1,No,1,Yes,1,Yes,1,Yes,1,Yes,1,No,1,No,1,No,1,No,,0,0
49,7 Leading Cloud Security Providers for Enterprise Defense | Fortinet,https://www.fortinet.com/resources/articles/best-cloud-security-providers,Cloud Security Providers,https://www.fortinet.com/resources/articles/best-cloud-security-providersCloud Security Providers,590,30,0.06,Informational,4,No,4,No,6,Yes,7,No,8,No,9,No,8,No,9,No,6,No,7,No,2,No,2,No,8,No,10,No,9,No,8,No,8,No,9,No,8,No,10,No,7,No,8,No,4,No,4,No,2,No,3,No,3,No,3,No,8,No,8,No,8,No,4,No,8,No,11,No,11,No,12,No,11,No,10,No,7,No,6,No,1,No,,5,3
50,Is Google Meet HIPAA Compliant? | Fortinet,https://www.fortinet.com/resources/articles/is-google-meet-hipaa-compliant,Is Google Meet Hipaa Compliant,https://www.fortinet.com/resources/articles/is-google-meet-hipaa-compliantIs Google Meet Hipaa Compliant,880,1,0.04,Informational,,,,,,,1,No,1,No,2,No,4,No,2,No,2,Yes,1,Yes,1,Yes,1,Yes,2,Yes,2,Yes,2,Yes,3,Yes,1,Yes,1,Yes,2,Yes,2,Yes,1,Yes,1,Yes,1,Yes,3,Yes,2,No,2,Yes,2,Yes,3,Yes,1,Yes,3,Yes,4,Yes,3,Yes,4,No,2,No,2,No,2,No,2,No,3,No,2,No,2,No,3,Yes,,-1,-2
51,How To Build An Insider Risk Management Program | Fortinet,https://www.fortinet.com/resources/articles/steps-to-building-effective-insider-risk-management-program,Steps To Building Effective Insider Risk Management Program,https://www.fortinet.com/resources/articles/steps-to-building-effective-insider-risk-management-programSteps To Building Effective Insider Risk Management Program,0,20,,,,,,,,,1,No,1,No,1,No,2,No,1,No,1,No,3,No,1,No,1,No,2,No,4,No,1,No,2,No,17,No,5,No,4,No,23,No,23,No,23,No,21,No,19,No,-,No,-,No,17,No,20,No,5,No,19,No,21,No,25,No,30,No,28,No,5,No,18,No,15,No,30,No,38,No,62,No,30,No,,32,-9
52,10 Best HIPAA-compliant Cloud Storage Providers In 2024 | Fortinet,https://www.fortinet.com/resources/articles/hipaa-compliant-cloud-storage-providers,Hipaa Compliant Cloud Storage Providers,https://www.fortinet.com/resources/articles/hipaa-compliant-cloud-storage-providersHipaa Compliant Cloud Storage Providers,10,44,0.03,,,,,,,,2,No,2,No,2,No,1,No,5,No,1,No,1,No,1,No,1,No,6,No,4,No,5,No,3,No,3,No,3,No,3,No,4,No,4,No,4,No,4,No,6,No,-,No,-,No,8,No,8,No,3,No,8,No,6,No,6,No,5,No,6,No,4,No,5,No,5,No,7,No,9,No,8,No,8,No,,0,-4
53,Is Zoom HIPAA Compliant? | Fortinet,https://www.fortinet.com/resources/articles/is-zoom-hipaa-compliant,Is Zoom Hipaa Compliant,https://www.fortinet.com/resources/articles/is-zoom-hipaa-compliantIs Zoom Hipaa Compliant,1300,21,0.04,"Informational, Transactional",,,,,,,1,Yes,3,Yes,4,Yes,1,Yes,3,Yes,7,Yes,1,Yes,3,Yes,3,Yes,6,Yes,5,Yes,7,Yes,4,Yes,2,Yes,4,No,3,No,2,No,3,No,6,No,4,No,3,No,3,No,3,Yes,4,Yes,3,Yes,2,Yes,6,Yes,5,Yes,5,Yes,6,Yes,5,No,5,No,6,No,5,No,6,No,6,No,6,No,6,No,,0,-2
54,What Is AAA Security? | Fortinet,https://www.fortinet.com/resources/cyberglossary/aaa-security,It Security And Segregation Of Duties,https://www.fortinet.com/resources/cyberglossary/aaa-securityIt Security And Segregation Of Duties,0,24,,,,,,,,,-,No,-,No,-,No,-,No,-,No,-,No,-,No,-,No,-,No,-,No,-,No,-,No,-,No,-,No,-,No,-,No,-,No,-,No,-,No,-,No,-,No,-,No,-,No,-,No,-,No,-,No,-,No,-,No,-,No,-,No,-,No,-,No,-,No,-,No,-,No,-,No,-,No,-,No,#N/A,#VALUE!,#VALUE!
55,Is Google Docs HIPAA Compliant? | Fortinet,https://www.fortinet.com/resources/articles/is-google-docs-hipaa-compliant,Is Google Docs Hipaa Compliant,https://www.fortinet.com/resources/articles/is-google-docs-hipaa-compliantIs Google Docs Hipaa Compliant,210,4,0.03,Informational,,,,,,,6,No,6,No,4,No,6,No,1,No,1,Yes,1,Yes,1,Yes,1,Yes,1,Yes,1,Yes,1,Yes,1,Yes,1,Yes,1,Yes,7,Yes,5,Yes,6,Yes,7,Yes,4,Yes,4,Yes,-,Yes,4,Yes,4,Yes,4,Yes,1,Yes,4,Yes,6,Yes,6,Yes,8,No,5,Yes,5,Yes,6,Yes,7,Yes,6,No,6,No,6,No,1,No,,5,3
56,HIPAA Compliance and Privacy | Fortinet,https://www.fortinet.com/resources/articles/hipaa-compliance-and-privacy-for-employers,Hipaa Compliance And Privacy For Employers,https://www.fortinet.com/resources/articles/hipaa-compliance-and-privacy-for-employersHipaa Compliance And Privacy For Employers,0,9,,,,,,,,,-,No,-,No,4,No,4,No,3,No,4,No,4,No,4,No,3,No,5,No,4,No,-,No,-,No,-,No,-,No,-,No,-,No,-,No,-,No,-,No,-,No,-,No,-,No,-,No,-,No,-,No,-,No,-,No,-,No,-,No,-,No,-,No,-,No,-,No,-,No,-,No,-,No,-,No,,#VALUE!,#VALUE!
57,Navigating the Paradox of Insiders | Fortinet,https://www.fortinet.com/resources/articles/navigating-the-paradox-of-insiders,Taking Teamtnt Docker Images Offline,https://www.fortinet.com/resources/articles/navigating-the-paradox-of-insidersTaking Teamtnt Docker Images Offline,0,20,,,,,,,,,-,No,-,No,-,No,-,No,-,No,-,No,-,No,-,No,-,No,1,No,-,No,-,No,-,No,-,No,-,No,-,No,-,No,-,No,-,No,-,No,-,No,-,No,-,No,-,No,-,No,-,No,-,No,-,No,-,No,-,No,-,No,-,No,-,No,-,No,-,No,-,No,-,No,-,No,#N/A,#VALUE!,#VALUE!
58,What Is Q Day? The Quantum Threat To Cybersecurity. | Fortinet,https://www.fortinet.com/resources/articles/what-is-q-day,what is q-day,https://www.fortinet.com/resources/articles/what-is-q-daywhat is q-day,40,27,,,,,,,,,,,,,,,,,,,,,,,,,-,No,7,No,1,No,2,No,3,No,4,No,7,No,6,No,2,No,4,No,3,No,2,No,3,No,3,No,3,No,3,No,3,No,1,No,3,No,3,No,1,No,3,No,3,No,3,No,8,No,3,No,5,Yes,1,No,2,No,7,No,,-5,-5
59,How to Implement SASE for Hybrid Workforces | Fortinet,https://www.fortinet.com/resources/articles/sase-for-hybrid-workforces,sase implementation,https://www.fortinet.com/resources/articles/sase-for-hybrid-workforcessase implementation,320,49,,,,,,,,,,,,,,,,,,,,,,,,,-,No,-,No,-,No,-,No,-,No,-,No,-,No,-,No,-,No,-,No,-,No,-,No,-,No,-,No,-,No,-,No,-,No,-,No,-,No,-,No,-,No,-,No,-,No,-,No,-,No,-,No,-,No,37,No,19,No,8,No,,11,#VALUE!
60,8 Steps to Evaluate SASE Vendors for Enterprise Deployment | Fortinet ,https://www.fortinet.com/resources/articles/steps-to-evaluate-sase-vendors,SASE Vendors,https://www.fortinet.com/resources/articles/steps-to-evaluate-sase-vendorsSASE Vendors,880,23,,,,,,,,,,,,,,,,,,,,,,,,,-,No,-,No,-,No,-,No,-,No,-,No,-,No,-,No,-,No,-,No,-,No,-,No,-,No,-,No,-,No,-,No,-,No,-,No,-,No,-,No,-,No,-,No,-,No,-,No,-,No,-,No,-,No,-,No,-,No,-,No,#N/A,#VALUE!,#VALUE!
61,How Does SASE Secure Remote and Branch Office Users? | Fortinet,https://www.fortinet.com/resources/articles/how-sase-secures-remote-branch-users,SASE Solutions,https://www.fortinet.com/resources/articles/how-sase-secures-remote-branch-usersSASE Solutions,1900,66,,,,,,,,,,,,,,,,,,,,,,,,,-,No,65,No,-,No,-,No,-,No,-,No,-,No,-,No,-,No,-,No,-,No,-,No,-,No,-,No,-,No,-,No,-,No,-,No,-,No,-,No,-,No,-,No,-,No,-,No,-,No,-,No,-,No,-,No,-,No,-,No,#N/A,#VALUE!,#VALUE!
62,Why Traditional VPNs Are Being Replaced by SASE | Fortinet,https://www.fortinet.com/resources/articles/sase-replaces-vpns,SASE vpn,https://www.fortinet.com/resources/articles/sase-replaces-vpnsSASE vpn,390,55,,,,,,,,,,,,,,,,,,,,,,,,,-,No,8,No,9,No,6,No,18,No,18,No,3,No,3,No,3,No,23,No,1,No,8,No,4,No,7,No,4,No,4,No,8,No,4,No,4,No,4,Yes,4,Yes,7,Yes,3,Yes,7,Yes,5,Yes,8,Yes,2,Yes,2,Yes,2,Yes,1,Yes,,1,7
63,How To Secure AWS Workloads And Prevent Cloud Misconfiguration,https://www.fortinet.com/resources/articles/protect-aws-workloads,securing aws workloads /aws protection,https://www.fortinet.com/resources/articles/protect-aws-workloadssecuring aws workloads /aws protection,10,16,,,,,,,,,,,,,,,,,,,,,,,,,-,No,3,No,3,No,4,No,-,No,-,No,-,No,-,No,-,No,-,No,-,No,-,No,-,No,-,No,-,No,-,No,-,No,-,No,-,No,-,No,-,No,-,No,-,No,-,No,-,No,-,No,-,No,-,No,-,No,-,No,,#VALUE!,#VALUE!
64,7 Steps to Deploy SecOps Automation : SOC Automation Guide | Fortinet,https://www.fortinet.com/resources/articles/deploying-secops-automation,secops automation,https://www.fortinet.com/resources/articles/deploying-secops-automationsecops automation,110,10,,,,,,,,,,,,,,,,,,,,,,,,,-,No,9,No,22,No,25,No,-,No,-,No,-,No,-,No,-,No,-,No,-,No,-,No,-,No,-,No,-,No,-,No,-,No,-,No,-,No,-,No,-,No,-,No,-,No,-,No,-,No,-,No,30,No,16,No,16,No,38,No,,-22,#VALUE!
65,What is Q Day? The quantum threat to cybersecurity | Fortinet,https://www.fortinet.com/resources/articles/what-is-q-day,quantum day,https://www.fortinet.com/resources/articles/what-is-q-dayquantum day,480,34,,,,,,,,,,,,,,,,,,,,,,,,,-,No,-,No,-,No,-,No,-,No,-,No,-,No,-,No,-,No,-,No,-,No,-,No,-,No,-,No,-,No,-,No,-,No,-,No,-,No,-,No,-,No,-,No,-,No,-,No,-,No,-,No,17,No,18,No,18,No,18,No,,0,#VALUE!
66,How to Secure Containers and Kubernetes Across Multi-Cloud Environments,https://www.fortinet.com/resources/articles/secure-containers-kubernetes-multi-cloud,Securing containers and kubernetes,https://www.fortinet.com/resources/articles/secure-containers-kubernetes-multi-cloudSecuring containers and kubernetes,0,27,,,,,,,,,,,,,,,,,,,,,,,,,,,81,No,-,No,-,,-,No,-,No,-,No,-,No,-,No,-,No,-,No,-,No,-,No,-,No,-,No,-,No,-,No,-,No,-,No,-,No,-,No,-,No,-,No,-,No,-,No,-,No,28,No,26,No,39,No,44,No,,-5,#VALUE!
67,Automating Security Operations with SOAR Playbooks,https://www.fortinet.com/resources/articles/automate-security-operations-with-soar,Automating security operations,https://www.fortinet.com/resources/articles/automate-security-operations-with-soarAutomating security operations,0,11,,,,,,,,,,,,,,,,,,,,,,,,,,,-,No,-,No,-,,-,No,-,No,-,No,-,No,-,No,-,No,-,No,-,No,-,No,-,No,-,No,-,No,-,No,-,Yes,-,Yes,-,Yes,-,Yes,-,Yes,-,No,-,No,-,No,-,No,-,No,-,No,-,No,-,No,#N/A,#VALUE!,#VALUE!
68,How to Conduct a Quantum Risk Assessment for Enterprise Security,https://www.fortinet.com/resources/articles/quantum-risk-assessment,quantum risk assessment,https://www.fortinet.com/resources/articles/quantum-risk-assessmentquantum risk assessment,20,22,,,,,,,,,,,,,,,,,,,,,,,,,,,1,No,1,No,1,,4,No,13,No,1,No,1,No,1,No,1,No,1,No,4,No,4,No,-,No,2,No,1,No,1,No,1,No,1,No,1,No,4,No,4,No,3,No,3,No,3,No,1,No,2,No,2,No,1,No,20,No,,-19,-16
69,Taking TeamTNT’s Docker Images Offline | Fortinet,https://www.fortinet.com/resources/articles/teamtnt-docker-images,Docker Images,https://www.fortinet.com/resources/articles/teamtnt-docker-imagesDocker Images,4400,66,0.01,Navigational,-,No,-,No,-,No,-,No,-,No,-,No,-,No,-,No,-,No,-,No,-,No,-,No,-,No,-,No,-,No,-,No,-,No,-,No,-,No,-,No,-,No,-,No,-,No,-,No,-,Yes,-,No,-,No,-,No,-,No,-,No,-,No,-,No,-,No,-,No,-,No,-,No,-,No,-,No,-,No,-,No,-,No,#N/A,#VALUE!,#VALUE!
70,AWS credential compromises tied to Grafana SSRF attacks | Fortinet,https://www.fortinet.com/resources/articles/aws-credential-compromises-tied-to-grafana-ssrf-attacks,Grafana,https://www.fortinet.com/resources/articles/aws-credential-compromises-tied-to-grafana-ssrf-attacksGrafana,33100,97,0.08,Navigational,-,No,-,No,-,No,-,No,-,No,-,No,-,No,-,No,-,No,-,No,-,No,-,No,-,No,-,No,-,No,-,No,-,No,-,No,-,No,-,No,-,No,-,No,-,No,-,No,-,No,-,No,-,No,-,No,-,No,-,No,-,No,-,No,-,No,-,No,-,No,-,No,-,No,-,No,-,No,-,No,-,No,#N/A,#VALUE!,#VALUE!
71,Trends in S3 targeting | Fortinet,https://www.fortinet.com/resources/articles/trends-in-s3-targeting,S3 Targeting,https://www.fortinet.com/resources/articles/trends-in-s3-targetingS3 Targeting,0,13,,,1,No,1,No,1,Yes,1,No,1,No,1,No,1,No,1,No,1,No,2,No,1,No,1,No,2,No,2,No,1,No,1,No,1,No,1,No,1,No,1,No,1,No,2,No,2,No,1,No,1,No,2,No,2,No,2,No,2,No,1,No,2,No,1,No,2,No,2,No,1,No,2,No,2,No,1,No,1,No,1,No,20,No,,-19,-18
72,Find Big Threats in Small Signals | Fortinet,https://www.fortinet.com/resources/articles/big-threats-small-signals,Find Big Cyber Threats With Small Signals,https://www.fortinet.com/resources/articles/big-threats-small-signalsFind Big Cyber Threats With Small Signals,0,54,,,1,No,1,No,1,Yes,1,No,1,No,1,No,1,No,1,No,1,No,1,No,1,No,1,No,1,No,1,No,1,No,1,No,1,No,1,No,1,No,1,No,1,No,-,No,1,No,1,No,1,No,1,No,1,No,1,No,1,No,-,No,-,No,-,No,-,No,-,No,-,No,-,No,-,No,-,No,-,No,-,No,-,No,,#VALUE!,#VALUE!
73,5 AI Security Companies for 2026: Leading Security Platforms | Fortinet,https://www.fortinet.com/resources/articles/leading-ai-security-companies,leading ai security companies,https://www.fortinet.com/resources/articles/leading-ai-security-companiesleading ai security companies,0,22,,,,,,,,,,,,,,,,,,,,,,,,,,,,,,,,,,,,,-,No,4,No,7,No,8,No,-,No,-,No,-,No,-,No,5,No,5,No,4,No,3,No,5,No,6,No,8,No,7,No,7,No,8,No,7,No,7,No,7,No,7,No,1,No,8,No,,-7,#VALUE!