,,,,,,,,,,
,,,,,,,,,,
,Organic Traffic,442k,426k,-15.1k,-3.4%,,,,,
Source = GA,Pages,10 Aug 2026,17 Aug 2026,Change,Change %,,,,,
Time Line = Last 30 Days,/support/product-downloads,108545,106745,-1800,-2%,,,,,
,/nse-training-update,5218,4017,-1201,-23%,,,,,
,/training-certification,13030,12068,-962,-7%,,,,,
,/nse-training,9180,8302,-878,-10%,,,,,
,/,26954,26218,-736,-3%,,,,,
,/corporate/careers,5532,5092,-440,-8%,,,,,
,/blog/psirt-blogs/analysis-of-reported-credential-compromise-of-fortigate-devices,1401,1003,-398,-28%,,,,,
,/content/dam/fortinet/assets/data-sheets/pdf/fortigate-100f-series.pdf,1483,1094,-389,-26%,,,,,
,/training/cybersecurity-professionals,4256,3886,-370,-9%,,,,,
,/resources/cyberglossary/proxy-server,11986,11704,-282,-2%,,,,,
,Total ,187585,180129,-7456,-4%,,,,,
,,,,,,,,,,
,,,,,,,,,,
,Direct Traffic,360k,343k,-16.9k,-4.7%,,,,,
Source = GA,Pages,10 Aug 2026,17 Aug 2026,Change,Change %,,,,,
Time Line = Last 30 Days,/nse-training-update,14103,10845,-3258,-23%,,,,,
,/training-certification,36693,33441,-3252,-9%,,,,,
,/,66563,64041,-2522,-4%,,,,,
,/support/product-downloads,52435,50646,-1789,-3%,,,,,
,/nse-training,4926,4144,-782,-16%,,,,,
,/training/cybersecurity-professionals,3777,3193,-584,-15%,,,,,
,/corporate/about-us/global-offices,2402,1822,-580,-24%,,,,,
,/English/EMEAReseller/home.aspx,10204,9741,-463,-5%,,,,,
,/training/academic-partner-program,5145,4712,-433,-8%,,,,,
,/support/contact,10284,9896,-388,-4%,,,,,
,Total ,206532,192481,-14051,-7%,,,,,
,,,,,,,,,,
Source = GSC,Branded,,,,,,,,,
Last 30 Days,Top 10 KWs,Clicks,Impression,Rank,,,,,,
,fortinet,"41,089","215,599",1.3,,,,,,
,fortinet vpn,"6,029","11,145",1.9,,,,,,
,fortigate,"5,567","52,048",3.1,,,,,,
,fortinet careers,"3,879","4,829",1.4,,,,,,
,fortinet product matrix,"3,484","4,271",2.5,,,,,,
,fortinet vpn client,"2,125","3,436",1.5,,,,,,
,fortinet certification,"2,012","6,166",4.5,,,,,,
,fortigate 120g,"1,911","6,310",1.2,,,,,,
,fortigate matrix,"1,907","2,415",1.9,,,,,,
,forti vpn,"1,783","3,450",3.2,,,,,,
,,,,,,,,,,
Source = GSC,Non-Branded,,,,,,,,,
Last 30 Days,Top 10 KWs,Clicks,Impression,Rank,,,,,,
,proxy server,"25,688","1,075,281",4.1,,,,,,
,proxy,"13,233","7,717,402",6.3,,,,,,
,hacking,"4,957","59,552",2.3,,,,,,
,ai cybersecurity,"3,188","14,083",2.9,,,,,,
,ip address,"2,322","402,677",5.7,,,,,,
,ip,"2,192","1,102,241",7,,,,,,
,firewall,"1,644","142,126",3.7,,,,,,
,vpn,"1,124","942,888",9.7,,,,,,
,spyware,"1,037","51,501",4.1,,,,,,
,deepfake,837,"56,432",8.1,,,,,,
,,,,,,,,,,
,,,,,,,,,,
Source = SEMrush,Source - SEMrush,,,AIO Overall Traffic,,197.1K,169.9K,-27182,-14%,
Time Line = As on Date,Fortinet (Loss),,,10 Aug 2026,17 Aug 2026,10 Aug 2026,17 Aug 2026,change,change %,
,Keywords,SV,KD,Position,Position,Traffic,Traffic,,,URL
,what is a keylogger,110000,46,1,1,6797,3819,-2978,-44%,https://www.fortinet.com/resources/cyberglossary/what-is-keyloggers
,doxxed meaning,33100,56,1,1,2011,34,-1977,-98%,https://www.fortinet.com/resources/cyberglossary/doxing
,doxing meaning,27100,54,1,1,1674,28,-1646,-98%,https://www.fortinet.com/resources/cyberglossary/doxing
,eavesdropping,33100,57,1,1,1149,203,-946,-82%,https://www.fortinet.com/resources/cyberglossary/eavesdropping
,fortinet firewall,2900,56,1,1,949,122,-827,-87%,https://www.fortinet.com/products/next-generation-firewall
,vpn forticlient,2400,58,1,1,794,149,-645,-81%,https://www.fortinet.com/support/product-downloads
,catfishing meaning,18100,67,1,1,1117,628,-489,-44%,https://www.fortinet.com/resources/cyberglossary/catfishing
,drm,14800,45,1,1,528,76,-452,-86%,https://www.fortinet.com/resources/cyberglossary/digital-rights-management-drm
,data breach and,27100,69,1,1,940,500,-440,-47%,https://www.fortinet.com/resources/cyberglossary/data-breach
,opsec meaning,12100,40,1,1,747,420,-327,-44%,https://www.fortinet.com/resources/cyberglossary/operational-security
,Total,,,,,16706,5979,-10727,-64%,
,,,,,,,,,,
,,,,,,,,,,
Source = SEMrush,Source - SEMrush,,,AIO Overall Traffic,,266.9K,239.4K,-27461,-10%,
Time Line = As on Date,Cisco (Loss),,,10 Aug 2026,17 Aug 2026,10 Aug 2026,17 Aug 2026,change,change %,
,Keywords,SV,KD,Position,Position,Traffic,Traffic,,,URL
,what is 5g,673000,73,1,-,23366,0,-23366,-100%,https://www.cisco.com/site/us/en/learn/topics/networking/what-is-5g.html
,antares,22200,64,1,-,4425,0,-4425,-100%,https://blogs.cisco.com/ai/introducing-antares-the-most-efficient-open-weight-ai-models-for-vulnerability-localization
,what is it,49500,45,1,-,3007,0,-3007,-100%,https://www.cisco.com/site/us/en/learn/topics/networking/what-is-information-technology-it.html
,cisco chief marketing officer october 2024,6600,29,1,1,2217,72,-2145,-97%,https://newsroom.cisco.com/c/r/newsroom/en/us/executives/carrie-palin.html
,vpn technologies,60500,71,1,-,2100,0,-2100,-100%,https://www.cisco.com/site/us/en/learn/topics/security/what-is-a-virtual-private-network-vpn.html
,lan,33100,62,1,-,2045,0,-2045,-100%,https://www.cisco.com/site/us/en/learn/topics/networking/what-is-a-lan-local-area-network.html
,ethernet,33100,56,1,-,1183,0,-1183,-100%,https://www.cisco.com/site/us/en/learn/topics/networking/what-is-ethernet.html
,t rex,90500,69,1,-,1099,0,-1099,-100%,https://trex-tgn.cisco.com/
,wifi router,1220000,63,1,1,1427,329,-1098,-77%,https://www.cisco.com/site/us/en/learn/topics/networking/what-is-a-wireless-router-wi-fi.html
,meraki dashboard,14800,44,1,-,1001,0,-1001,-100%,https://meraki.cisco.com/en-au/products/meraki-dashboard/
,Total,,,,,41870,401,-41469,-99%,