,,,,,,,,,,,
,,,,,,,,,,,
,Organic Traffic,442k,447k,5.0k,1.1%,,Organic Traffic (Internation Pages),,,,
Source = GA,Pages,14 Sep 2026,21 Sep 2026,Change,Change %,,Pages,14 Sep 2026,21 Sep 2026,Change,Change %
Time Line = Last 30 Days,,,,0,#DIV/0!,,/jp,3572,5680,2108,59%
,,,,0,#DIV/0!,,/jp/support/product-downloads,4507,5072,565,13%
,,,,0,#DIV/0!,,/jp/products/next-generation-firewall,2823,3208,385,14%
,,,,0,#DIV/0!,,/lat/resources/cyberglossary/computer-virus,927,1231,304,33%
,,,,0,#DIV/0!,,/lat/resources/cyberglossary/what-is-ip-address,1715,2006,291,17%
,,,,0,#DIV/0!,,/lat/support/product-downloads,30334,30610,276,1%
,,,,0,#DIV/0!,,/jp/resources/data-sheets/fortigate-120g-series,1435,1663,228,16%
,,,,0,#DIV/0!,,/fr/support/product-downloads,2350,2537,187,8%
,,,,0,88%,,/jp/corporate/about-us/company,974,1146,172,88%
,,,,0,#DIV/0!,,/jp/resources/data-sheets/fortigate-90g-series,1151,1313,162,14%
,Total ,0,0,0,#DIV/0!,,Total ,49788,54466,4678,9%
,,,,,,,,,,,
,,,,,,,,,,,
,,,,,,,,,,,
,,,,,,,,,,,
,,,,,,,,,,,
,Direct Traffic,331k,337k,6.6k,2.0%,,,,,,
Source = GA,Pages,14 Sep 2026,21 Sep 2026,Change,Change %,,,,,,
Time Line = Last 30 Days,,,,0,#DIV/0!,,,,,,
,,,,0,#DIV/0!,,,,,,
,,,,0,#DIV/0!,,,,,,
,,,,0,#DIV/0!,,,,,,
,,,,0,#DIV/0!,,,,,,
,,,,0,#DIV/0!,,,,,,
,,,,0,#DIV/0!,,,,,,
,,,,0,#DIV/0!,,,,,,
,,,,0,#DIV/0!,,,,,,
,,,,0,#DIV/0!,,,,,,
,Total ,0,0,0,#DIV/0!,,,,,,
,,,,,,,,,,,
Source = GSC,Branded,,,,,,,,,,
Last 30 Days,Top 10 KWs,Clicks,Impression,Rank,,,,,,,
,fortinet,"41,603","212,133",1.3,,,,,,,
,fortigate,"6,454","55,294",3.0,,,,,,,
,fortinet vpn,"5,763","10,391",1.6,,,,,,,
,fortinet careers,"3,750","4,534",1.3,,,,,,,
,fortinet product matrix,"3,282","3,988",2.5,,,,,,,
,fortigate 120g,"1,853","6,064",1.1,,,,,,,
,fortinet download,"1,733","3,516",1.6,,,,,,,
,fortivpn,"1,730","3,101",1.2,,,,,,,
,fortigate matrix,"1,713","2,186",2.4,,,,,,,
,fortigate 120g datasheet,"1,654","2,030",1.3,,,,,,,
,,,,,,,,,,,
Source = GSC,Non-Branded,,,,,,,,,,
Last 30 Days,Top 10 KWs,Clicks,Impression,Rank,,,,,,,
,proxy server,"19,937","1,032,602",4.0,,,,,,,
,proxy,"12,550","8,752,813",5.4,,,,,,,
,hacking,"4,972","87,974",2.7,,,,,,,
,firewall,"2,124","151,151",3.5,,,,,,,
,ip address,"2,057","409,009",5.7,,,,,,,
,ip,"2,030","1,077,780",6.7,,,,,,,
,ai cybersecurity,"1,605","10,044",4.0,,,,,,,
,cia triad,"1,225","29,698",1.3,,,,,,,
,vpn,"1,194","528,175",9.6,,,,,,,
,proxy vpn,"1,106","250,000",7.4,,,,,,,
,,,,,,,,,,,
,,,,,,,,,,,
Source = SEMrush,Source - SEMrush,,,AIO Overall Traffic,,199037,215285,16248,8%,,
Time Line = As on Date,Fortinet (Gain),,,21 Sep 2026,28 Sep 2026,21 Sep 2026,28 Sep 2026,change,change %,,
,Keywords,SV,KD,Position,Position,Traffic,Traffic,,,URL,
,what is a dns,550000,73,-,1,0,19668,19668,19668%,https://www.fortinet.com/resources/cyberglossary/what-is-dns,
,what is a vpn router,135000,62,1,1,702,5389,4687,668%,https://www.fortinet.com/resources/cyberglossary/vpn-routers,
,what is a keylogger,110000,54,1,1,3933,6797,2864,73%,https://www.fortinet.com/resources/cyberglossary/what-is-keyloggers,
,what is secure boot,90500,52,1,1,470,3142,2672,569%,https://www.fortinet.com/resources/cyberglossary/secure-boot,
,proxy server,60500,82,-,1,0,2100,2100,2100%,https://www.fortinet.com/resources/cyberglossary/proxy-server,
,dns and,33100,71,-,1,0,2045,2045,2045%,https://www.fortinet.com/resources/cyberglossary/what-is-dns,
,hackers hackers hackers,33100,80,-,1,0,2045,2045,2045%,https://www.fortinet.com/resources/cyberglossary/what-is-hacking,
,ddos,33100,80,1,1,172,2217,2045,1189%,https://www.fortinet.com/resources/cyberglossary/ddos-attack,
,doxxed meaning,33100,48,-,1,0,2011,2011,2011%,https://www.fortinet.com/resources/cyberglossary/doxing,
,firewall,27100,78,-,1,0,1674,1674,1674%,https://www.fortinet.com/resources/cyberglossary/firewall,
,Total,,,,,5277,47088,41811,792%,,