Visibility %	Trendline	Baseline 	Nov Wk1	Nov Wk2	Nov Wk3	Nov Wk4	Dec Wk1	Dec Wk2	Dec Wk3	Dec Wk4	Wk1	Wk2	Wk3	Wk4	Wk5	Wk6	Wk7	Wk8	Wk9	Wk10	Wk11	Wk12	Wk13	Wk14	Wk15	Wk16	Wk17	Wk18	Wk19	Wk20	Wk21	Wk22	Wk23	Wk24	Wk25	Wk26	Wk27	Wk28	Wk29
																																							
Fortinet 			56.1%	56.1%	57.1%	57.3%	57.1%	57.4%	58.1%	57.8%	57.8%	57.3%	57.2%	57.7%	58.0%	58.4%	58.7%	61.7%	63.7%	62.2%	62.7%	63.4%	66.2%	66.1%	65.5%	64.3%	64.7%	63.6%	63.2%	62.9%									
																												47.9%	49.7%	49.4%	48.7%	46.6%	46.3%	45.6%	46.1%	46.2%	46.3%	47.1%	46.5%
Palo Alto			41.2%	41.2%	41.8%	40.9%	41.4%	42.5%	43.6%	43.5%	43.8%	43.6%	44.2%	43.5%	43.0%	43.0%	42.9%	42.5%	42.4%	42.5%	44.6%	44.9%	42.2%	42.4%	42.7%	46.4%	46.7%	45.0%	43.7%	43.2%									
																												33.1%	32.7%	33.1%	34.5%	33.7%	34.0%	33.0%	32.5%	34.6%	41.8%	43.1%	43.2%
Checkpoint			15.0%	15.4%	15.6%	14.9%	14.8%	15.0%	15.8%	15.8%	15.7%	15.3%	15.7%	15.9%	16.2%	16.0%	15.7%	15.1%	14.3%	13.4%	13.7%	14.5%	14.3%	14.3%	14.4%	15.9%	16.4%	15.9%	15.3%	14.9%									
																												15.1%	14.3%	13.8%	12.4%	10.1%	10.6%	10.7%	9.9%	10.3%	11.0%	11.1%	11.4%
HPE			1.5%	1.5%	1.7%	1.6%	1.4%	1.5%	1.6%	1.8%	1.7%	1.8%	1.9%	2.1%	2.1%	2.1%	2.1%	2.1%	2.2%	2.0%	1.8%	1.9%	1.8%	1.8%	1.7%	1.9%	1.7%	1.7%	1.6%	1.6%									
																												0.4%	1.8%	1.7%	1.8%	1.4%	1.4%	1.4%	1.3%	1.3%	1.4%	1.3%	1.4%
Cisco			31.8%	31.7%	31.9%	31.3%	31.8%	32.5%	34.0%	34.6%	34.4%	33.8%	34.1%	33.9%	33.8%	33.6%	33.4%	32.7%	32.5%	31.5%	32.8%	33.6%	32.2%	32.3%	32.3%	35.1%	34.8%	33.5%	33.0%	32.5%									
																												25.0%	30.7%	31.4%	30.8%	29.1%	29.1%	28.8%	28.5%	28.7%	30.8%	31.2%	31.3%
CrowdStrike			14.6%	14.5%	14.7%	14.5%	14.9%	15.6%	16.2%	16.3%	16.3%	16.2%	16.4%	16.0%	15.6%	15.5%	15.3%	15.3%	15.4%	15.3%	15.6%	16.0%	15.2%	15.6%	16.0%	17.4%	17.2%	17.2%	16.5%	16.0%									
																												14.8%	13.6%	13.9%	13.5%	14.0%	13.4%	13.9%	14.3%	14.5%	14.9%	15.2%	15.6%
Cato Networks																				6.4%	6.7%	6.6%	6.2%	5.9%	5.7%	6.6%	6.6%	6.7%	6.7%	6.4%									
																												7.3%	7.8%	8.0%	8.1%	7.5%	7.3%	7.3%	6.6%	7.5%	8.3%	8.7%	8.7%
SentinelOne																				11.5%	11.5%	11.7%	10.5%	10.4%	10.2%	11.4%	11.5%	11.6%	11.1%	10.2%									
																												8.9%	7.9%	7.2%	6.8%	6.5%	6.4%	6.3%	6.6%	6.7%	7.3%	7.7%	8.3%
Wiz.io																				4.7%	4.8%	4.7%	4.1%	4.1%	4.0%	0.4%	0.6%	0.4%	0.5%	0.5%									
																												0.2%	0.2%	0.1%	0.2%	0.3%	0.2%	0.1%	0.1%	0.1%	0.1%	0.1	0.1%
																																							
																																							
Share of Voice %	Trendline									Dec Wk4	Wk1	Wk2	Wk3	Wk4	Wk5	Wk6	Wk7	Wk8	Wk9	Wk10	Wk11	Wk12	Wk13	Wk14	Wk15	Wk16	Wk17	Wk18	Wk19	Wk20	Wk21	Wk22	Wk23	Wk24	Wk25	Wk26	Wk27	Wk28	Wk29
Fortinet 			10.5%	10.5%	10.4%	10.8%	10.6%	10.5%	10.2%	10.1%	10.1%	10.1%	9.9%	10.0%	10.1%	10.2%	10.4%	10.9%	11.2%	11.1%	11.2%	11.2%	14.0%	13.8%	12.9%	10.6%	10.6%	10.6%	10.4%	10.6%									
																												8.8%	8.6%	8.7%	8.8%	9.0%	8.9%	9.0%	9.3%	9.1%	8.7%	8.7%	8.4%
Palo Alto			7.6%	7.7%	7.6%	7.7%	7.6%	7.7%	7.6%	7.5%	7.6%	7.6%	7.6%	7.5%	7.4%	7.5%	7.5%	7.4%	7.4%	7.5%	7.9%	7.9%	7.5%	7.5%	7.3%	7.5%	7.6%	7.4%	7.1%	7.3%									
																												6.0%	5.6%	5.9%	6.3%	6.6%	6.5%	6.6%	6.6%	6.9%	7.9%	7.9%	7.7%
Checkpoint			2.7%	2.8%	2.8%	2.8%	2.7%	2.8%	2.8%	2.8%	2.8%	2.7%	2.7%	2.8%	2.8%	2.8%	2.7%	2.7%	2.5%	2.3%	2.4%	2.5%	2.5%	2.5%	2.4%	2.5%	2.6%	2.6%	2.5%	2.4%									
																												2.7%	2.4%	2.3%	2.1%	2.0%	2.0%	2.1%	2.0%	2.0%	2.0%	2.0%	2.0%
HPE			0.3%	0.3%	0.3%	0.3%	0.3%	0.3%	0.3%	0.3%	0.3%	0.3%	0.3%	0.3%	0.4%	0.4%	0.4%	0.4%	0.4%	0.3%	0.3%	0.3%	0.3%	0.3%	0.3%	0.3%	0.3%	0.3%	0.3%	0.3%									
																												0.1%	0.3%	0.3%	0.3%	0.3%	0.3%	0.3%	0.3%	0.3%	0.3%	0.2%	0.3%
Cisco			5.8%	5.9%	5.8%	5.8%	5.9%	5.9%	5.9%	6.0%	6.0%	5.9%	5.9%	5.9%	5.9%	5.8%	5.9%	5.8%	5.7%	5.5%	5.8%	5.8%	5.7%	5.7%	5.5%	5.7%	5.6%	5.5%	5.4%	5.4%									
																												4.4%	5.2%	5.5%	5.5%	5.5%	5.5%	5.6%	5.6%	5.6%	5.7%	5.6%	5.5%
CrowdStrike			2.7%	2.7%	2.7%	2.7%	2.7%	2.8%	2.8%	2.8%	2.8%	2.8%	2.8%	2.8%	2.7%	2.7%	2.7%	2.7%	2.7%	2.7%	2.8%	2.8%	2.7%	2.8%	2.7%	2.8%	2.8%	2.8%	2.7%	2.7%									
																												2.7%	2.3%	2.5%	2.4%	2.7%	2.5%	2.7%	2.8%	2.8%	2.8%	2.8%	2.7%
Cato Networks																				1.1%	1.2%	1.1%	1.0%	1.0%	0.9%	1.0%	1.0%	1.1%	1.0%	1.0%									
																												1.3%	1.3%	1.3%	1.4%	1.4%	1.3%	1.4%	1.3%	1.4%	1.5%	1.6%	1.5%
SentinelOne																				2.0%	2.0%	2.0%	1.8%	1.8%	1.7%	1.8%	1.8%	1.8%	1.8%	1.7%									
																												1.6%	1.3%	1.2%	1.2%	1.2%	1.2%	1.2%	1.3%	1.3%	1.4%	1.4%	1.5%
Wiz.io																				0.8%	0.8%	0.8%	0.7%	0.7%	0.7%	0.7%	0.7%	0.0%	0.0%	0.0%									
																												0.0%	0.0%	0.0%	0.0%	0.0%	0.0%	0.0%	0.0%	0.0%	0.0%	0.0%	0.0%
																																							
																																							
Citation %	Trendline									Dec Wk4	Wk1	Wk2	Wk3	Wk4	Wk5	Wk6	Wk7	Wk8	Wk9	Wk10	Wk11	Wk12	Wk13	Wk14	Wk15	Wk16	Wk17	Wk18	Wk19	Wk20	Wk21	Wk22	Wk23	Wk24	Wk25	Wk26	Wk27	Wk28	Wk29
Fortinet 			8.6%	9.5%	9.0%	9.2%	10.7%	11.4%	9.0%	12.2%	12.2%	11.8%	12.1%	12.4%	12.8%	12.9%	12.7%	12.3%	11.4%	10.8%	11.1%	11.4%	11.7%	12.4%	11.8%	11.9%	12.0%	12.0%	12.0%	11.9%									
																												8.6%	8.1%	7.9%	8.2%	8.2%	7.9%	7.7%	8.2%	8.5%	8.5%	8.4%	8.3%
Palo Alto			1.7%	1.9%	2.0%	2.0%	2.1%	1.9%	1.9%	1.8%	1.8%	1.7%	1.8%	1.8%	1.8%	1.8%	1.7%	1.8%	1.7%	1.7%	1.9%	1.8%	1.8%	1.8%	1.8%	1.9%	1.9%	1.9%	1.9%	1.9%									
																												3.7%	3.6%	3.5%	3.9%	3.5%	3.3%	3.2%	3.3%	3.4%	3.3%	3.4%	3.3%
Checkpoint			1.7%	1.4%	1.4%	1.4%	1.4%	1.4%	1.3%	0.9%	0.9%	0.9%	0.9%	0.9%	0.9%	1.1%	1.1%	1.1%	0.9%	0.9%	0.8%	0.9%	0.9%	1.3%	1.2%	1.0%	1.0%	1.0%	1.0%	1.0%									
																												1.2%	1.4%	1.3%	1.3%	1.1%	1.1%	1.2%	1.1%	1.0%	1.2%	1.2%	1.2%
HPE			1.2%	1.2%	1.1%	1.1%	1.0%	1.1%	1.1%	0.1%	0.1%	0.1%	0.1%	0.1%	0.1%	0.1%	0.2%	0.2%	0.2%	0.2%	0.2%	0.2%	0.2%	0.2%	0.2%	0.2%	0.2%	0.2%	0.2%	0.2%									
																												0.1%	0.2%	0.2%	0.1%	0.2%	0.2%	0.2%	0.1%	0.2%	0.1%	0.2%	0.2%
Cisco			1.2%	1.4%	1.4%	1.4%	1.3%	1.3%	1.3%	1.1%	1.1%	1.1%	1.1%	1.1%	1.1%	1.1%	1.2%	1.2%	1.0%	0.8%	0.8%	0.9%	0.9%	1.0%	1.0%	1.0%	1.0%	0.9%	1.0%	1.0%									
																												1.3%	1.7%	1.7%	1.8%	1.7%	1.8%	1.7%	1.8%	1.6%	1.6%	1.8%	2.0%
CrowdStrike			1.0%	1.1%	1.1%	1.0%	1.0%	1.0%	0.9%	0.4%	0.4%	0.4%	0.4%	0.4%	0.4%	0.4%	0.3%	0.4%	0.4%	0.4%	0.4%	0.4%	0.4%	0.4%	0.4%	4.0%	0.4%	0.4%	0.4%	0.4%									
																												0.5%	0.5%	0.4%	0.5%	0.4%	0.4%	0.4%	0.4%	0.4%	0.3%	0.3%	0.4%
Cato Networks																				0.2%	0.2%	0.2%	0.2%	0.2%	0.2%	0.2%	0.2%	0.2%	0.2%	0.2%									
																												0.4%	0.4%	0.4%	0.5%	0.4%	0.4%	0.4%	0.4%	0.5%	0.5%	0.4%	0.3%
SentinelOne																				1.7%	1.6%	1.7%	1.6%	1.8%	1.7%	1.6%	1.5%	1.5%	1.4%	1.3%									
																												1.5%	1.4%	1.3%	1.2%	1.2%	1.3%	1.2%	1.2%	1.1%	1.0%	1.0%	1.0%
Wiz.io																				0.3%	0.3%	0.3%	0.3%	0.3%	0.4%	0.4%	0.4%	0.4%	0.3%	0.3%									
																												0.6%	0.6%	0.6%	0.6%	0.5%	0.5%	0.5%	0.5%	0.5%	0.5%	0.5%	0.5%