 Visibility %																																						
Category	Nov Wk1	Nov Wk2	Nov Wk3	Nov Wk4	Dec Wk1	Dec Wk2	Dec Wk3	Dec Wk4	Wk1	Wk2	Wk3	Wk4	Wk5	Wk6	Wk7	Wk8	Wk9	Wk10	Wk11	Wk12	Wk13	Wk14	Wk15	Wk16	Wk17	Wk18	Wk19	Wk20	Wk21	Wk22	Wk23	Wk24	Wk25	Wk26	Wk27	Wk28	Wk29	Wk30
SASE	PA (92.9%)	PA (91.5%)	PA (92.6%)	PA (92.6%)	PA (93%)	PA (93.9%)	PA (94.8%)	PA (94.7%)	PA (94.6%)	PA (94.9%)	PA (97.0%)	PA (96.8%)	PA (95.3%)	PA (93.7%)	PA (94.1%)	FT (94.1%)	FT (95.8%)	PA (94.8%)	PA (96.5%)	PA (97.4%)	FT (96.7%)	PA (97.7%)	PA (97.3%)	PA (96.9%)	FT (97.7%)	PA (96.9%)	PA (97.3%)	PA (96.6%)										
																										FT (75.6%)	FT (75.8%)	FT (76.7%)	FT (76.6%)	FT (73.2%)	FT (73.6%)	FT (73.0%)	FT (69.9%)	FT (73.4%)	FT (72.3%)	FT (73.3%)	FT (72.5%)	FT (72.7%)
Fortinet / 2nd Top Performer	88.6%	87.6%	86.9%	86.3%	87.6%	89.1%	88.0%	89.6%	89.7%	90.2%	88.9%	90.5%	90.9%	90.5%	93.20%	PA (93.7%)	PA (95.8%)	91.80%	95.00%	95.00%	PA (85.5%)	96.70%	96.10%	96.50%	PA (97.3%)	96.30%	94.90%	95.20%										
																										CO (47.4%)	CO (46.9%)	PA (45.6%)	PA (48.0%)	PA (45.6%)	PA (45.8%)	PA (43.4%)	PA (41.5%)	PA (46.2%)	PA (60.7%)	PA (62.1%)	PA (63.1%)	PA (63.8%)
																																						
OT Security	FT (84%)	FT (84.5%)	FT(86.6%)	FT(86.8%)	FT(87.5%)	FT(86.2%)	FT(90%)	FT (90.3%)	FT (87.8%)	FT (86.6%)	FT (90.3%)	FT (91.3%)	FT (91.4%)	FT (94.3%)	FT (94.0%)	FT (92.4%)	FT (94.5%)	FT (90.5%)	FT (91.5%)	FT (94.1%)	FT (89.0%)	FT (90.4%)	FT (93.7%)	FT (94.8%)	FT (95.5%)	FT (92.1%)	FT (93.7%)	FT (92.4%)										
																										FT (53.6%)	FT (49.6%)	FT (47.7%)	FT (46.2%)	FT (45.5%)	FT (41.2%)	FT (41.0%)	FT (44.5%)	FT (41.8%)	FT (44.2%)	FT (44.2%)	FT (43.9%)	FT (47.1%)
Fortinet / 2nd Top Performer																CO (68.1%)	CO (66.5%)	PA (65.0%)	PA (69.8%)	PA (72.0%)	PA (80.3%)	PA (79.4%)	PA (84.8%)	PA (84.9%)	PA (88.9%)	PA (83%)	PA (82.4%)	PA (79.0%)										
																										PA (33.8%)	PA (29.8%)	PA (28.9%)	PA (28.5%)	PA (25.4%)	PA (25.6%)	PA (26.5%)	PA (26.4%)	PA (26.5%)	PA (32.4%)	PA (33.8%)	PA (32.9%)	PA (35.1%)
																																						
ZTNA	PA (91.5%)	PA (89.2%)	PA (89.1%)	PA (88.4%)	PA (89.9%)	PA (93.1%)	PA (93.3%)	PA (93.9%)	PA (93.6%)	PA (93.2%)	PA (93.7%)	PA (91.6%)	PA (90.3%)	PA (91.8%)	PA (93.5%)	PA (91.3%)	PA (91.6%)	PA (90.6%)	PA (92.5%)	PA (93.5%)	PA (95.3%)	FT (86.6%)	PA (88.9%)	PA (93.3%)	PA (93.7%)	PA (92.6%)	PA (91.6%)	PA (92.9%)										
																										FT (55.1%)	FT (53.5%)	FT (50.4%)	FT (49.9%)	FT (44.8%)	FT (42.0%)	FT (39.6%)	FT (39.3%)	PA (40.5%)	PA (50.4%)	PA (50.8%)	PA (49.8%)	PA (51.3%)
Fortinet / 2nd Top Performer	65.1%	63.9%	66.8%	67.4%	68.8%	70.0%	72.6%	75.4%	75.4%	74.8%	74.4%	76.1%	74.1%	69.3%	73.80%	0.785	0.839	83.60%	86.20%	85.10%	87.90%	PA (85.9%)	82.40%	87.20%	90.20%	87.30%	88.10%	87.30%										
																										PA (40.9%)	PA (37.1%)	PA (37.4%)	PA (36.9%)	PA (36.8%)	PA (39.1%)	PA (37.7%)	PA (38.2%)	39.00%	39.30%	42.10%	38.00%	40.00%
																																						
Cloud Security	PA (96.1%)	PA (95.7%)	PA (95.3%)	PA (96.3%)	PA (96.6%)	PA (97.8%)	PA (98.2%)	PA (92.9%)	PA (93.6%)	PA (93.8%)	PA (95.5%)	PA (92.5%)	PA (90.6%)	PA (92.5%)	PA (92.3%)	PA (92.3%)	PA (93.5%)	PA (94.0%)	PA (95.3%)	PA (96.4%)	PA (92.3%)	PA (93.5%)	PA (90.5%)	PA (97.6%)	PA (97.5%)	PA (92.8%)	PA (93.9%)	PA (94.8%)										
																										PA (35.9%)	PA (36.1%)	PA (36.2%)	PA (37.4%)	PA (36.7%)	PA (37.9%)	PA (37.3%)	PA (35.8%)	PA (37.6%)	PA (44.5%)	PA (44.5%)	PA (44.5%)	PA (44.5%)
Fortinet / 2nd Top Performer	53.5%	50.3%	50.6%	52.0%	52.7%	52.1%	61.6%	60.9%	65.9%	62.7%	66.1%	63.5%	64.4%	65.8%	65.80%	0.73	0.739	68.60%	70.20%	70.70%	73.70%	75.80%	67.40%	75.00%	77.40%	76.90%	76.30%	77.70%										
																										27.70%	28.60%	27.40%	26.80%	24.60%	25.20%	24.80%	25.80%	25.70%	25.10%	25.40%	24.60%	24.40%
																																						
SecOps	CS (58.7%)	CS (61.1%)	CS (62.8%)	CS (58.5%)	CS (61%)	CS (62.4%)	CS (66.1%)	CS (63.2%)	CS (61.0%)	CS (62.4%)	CS (65.8%)	CS (62.1%)	CS (58.6%)	CS (61.7%)	CS (61.6%)	CS (63.6%)	CS (68.1%)	CS (72.1%)	CS (74.8%)	CS (76.2%)	CS (74.7%)	CS (83.5%)	CS (73.1%)	CS (84.6%)	CS (84.8%)	CS (80.2%)	CS (77.6%)	CS (74.9%)										
																										CS (45.8%)	CS (42.6%)	CS (45.4%)	CS (45.0%)	CS (45.7%)	CS (43.5%)	CS (44.2%)	CS (44.9%)	CS (45.4%)	CS (46.3%)	CS (47.6%)	CS (49.4%)	CS (49.6%)
Fortinet / 2nd Top Performer	19.9%	21.1%	23.3%	23.8%	21.0%	19.0%	20.6%	16.4%	15.4%	15.1%	18.0%	17.3%	18.7%	17.0%	17.20%	0.22	0.225	20.30%	18.30%	20.60%	18.00%	19.50%	17.00%	19.80%	21.70%	20.50%	19.80%	18.70%										
																										15.70%	16.10%	16.20%	14.20%	12.20%	12.30%	12.40%	12.90%	12.40%	12.70%	14.20%	13.70%	13.30%
																																						
Firewall																FT (100.0%)	FT (100.0%)	FT (96.5%)	FT (98.7%)	FT (99.6%)	FT (99.6%)	FT (100%)	FT (100%)	FT (100%)	FT (100%)	FT (100%)	FT (100%)	FT (100.0%)										
																										FT (75.3%)	FT (72.6%)	FT (73.3%)	FT (73.1%)	FT (69.9%)	FT (71.7%)	FT (71.1%)	FT (70.8%)	FT (72.0%)	FT (71.0%)	FT (70.8%)	FT (71.4%)	FT (70.8%)
Fortinet / 2nd Top Performer																CO (38.0%)	CO (39.0%)	PA (37.1%)	PA (36.8%)	CO (37.3%)	PA (37.8%)	PA (33.1%)	PA (34.3%)	PA (38.4%)	PA (43.3%)	PA (36%)	CO (29.6%)	CO (29.9%)										
																										CO (51.9%)	CO (48.5%)	CO (48.9%)	CO (48.5%)	CO (44.7%)	CO (45.4%)	CO (45.4%)	CO (43.1%)	PA (45.7%)	PA (55.7%)	PA (57.6%)	CP (58.7%)	PA (58.2%)
																																						
Quantum Security																FT (96.9%)	FT (95.5%)	FT (87.3%)	FT (87.8%)	FT (82.3%)	FT (88.0%)	FT (89.6%)	FT (45.5%)	FT (34.2%)	FT (30%)	FT (39.7%)	FT (35.8%)	FT (38.7%)										
																										FT (33.1%)	FT (35.0%)	FT (33.0%)	FT (32.9%)	FT (32.9%)	FT (32.6%)	FT (31.7%)	FT (33.9%)	FT (32.4%)	FT (32.4%)	FT (32.5%)	FT (33.3%)	FT (34.9%)
Fortinet / 2nd Top Performer																PA (14.7%)	PA (21.2%)	PA (14.7%)	PA (10.7%)	PA (13.0%)	PA (10.7%)	PA (9.7%)	PA (8.8%)	PA (10.0%)	PA (9.0%)	PA (16.7%)	PA (29.8%)	PA (25.3%)										
																										CO (16.3%)	PA (19.2%)	PA (17.7%)	PA (18.5%)	PA (19.0%)	PA (21.0%)	PA (18.5%)	PA (17.6%)	PA (17.9%)	PA (17.7%)	PA (20.2%)	PA (23%)	PA (23%)
																																						
AI Cybersecurity																FT (75.4%)	FT (81.1%)	FT (76.0%)	FT (77.8%)	FT (79.2%)	FT (88.9%)	FT (89.7%)	FT (86.3%)	FT (85.0%)	FT (85.9%)	FT (89.6%)	FT (82.7%)	FT (84.9%)										
																										FT (52.8%)	FT (51.5%)	FT (50.8%)	FT (49.7%)	FT (49.3%)	FT (48.3%)	FT (48.4%)	FT (50.2%)	FT (50.1%)	FT (50.1%)	FT (50.7%)	FT (49.4%)	FT (52.1%)
Fortinet / 2nd Top Performer																CS (20.5%)	CS (25.5%)	CS (28.9%)	CS (25.5%)	SE (22.2%)	CS (26.0%)	CS (22.7%)	CS (29.4%)	CS (28.1%)	CS (40.8%)	CS (30.1%)	PA (20.4%)	PA (25.5%)										
																										CS (27.0%)	CS (24.0%)	CS (24.0%)	CS (22.3%)	CS (23.7%)	PA (22.2%)	CS (22.1%)	CS (23.7%)	CS (25.3%)	CS (25.4%)	CS (26%)	CS (26.7%)	CS (26.4%)