AI Overview Keywords		"Baseline 
Dec'25"	"Wk 1
(Jan 05)"	"Wk 2
(Jan 12)"	"Wk 3
(Jan 19)"	"Wk 4
(Jan 26)"	"Wk 5
(Feb 02)"	"Wk 6
(Feb 09)"	"Wk 7
(Feb 16)"	"Wk 8
(Feb 23)"	"Wk 9
(Mar 02)"	"Wk 10
(Mar 09)"	"Wk 11
(Mar 16)"	"Wk 12
(Mar 23)"	"Wk 13
(Mar 30)"	"Wk 14
(Apr 06)"	"Wk 15
(Apr 13)"	"Wk 16
(Apr 20)"	"Wk 17
(Apr 27)"	"Wk 18
(May 04)"	"Wk 19
(May 11)"	"Wk 20
(May 18)"	"Wk 21
(May 25)"	"Wk 22
(Jun 01)"	"Wk 23
(Jun 08)"	"Wk 24
(Jun 15)"	"Wk 25
(Jun 22)"	"Wk 26
(Jun 29)"	"Wk 27
(Jul 06)"	"Wk 28
(Jul 13)"	"Wk 29
(Jul 20)"	"Wk 30
(Jul 27)"	% Weekly Growth	% Over all Growth	Trend					
Fortinet	fortinet.com/	13.5K	14.4K	15.2K	15.7K	16.6K	16.4K	16.0K	16.0K	16.4K	16.5K	16.7K	17.0K	17.3K	18.3K	19.4K	20.9K	22.1K	23.1K	24.6K	25.7K	26.4K	25.9K	25.7K	25.3K	24.9K	24.5K	23.4K	22.9K	22.8K	22.9K	22.1K	-3.74%	63.45%						
Cisco	cisco.com/	15.5K	16.5K	17.2K	17.5K	18.1K	17.9K	17.4K	17.3K	17.7K	18.2K	18.6K	19.6K	19.9K	20.7K	22.2K	23.8K	25.1K	26.3K	28.3K	29.3K	30.7K	30.9K	31.1K	31.4K	30.8K	29.8K	28.0K	27.2K	27.0K	27.8K	27.0K	-2.67%	74.73%						
HPE	hpe.com/	5.0K	5.5K	5.8K	6.0K	6.2K	6.0K	5.7K	5.7K	5.8K	5.9K	6.0K	6.3K	6.6K	6.9K	7.1K	7.5K	7.4K	7.5K	7.7K	7.6K	7.6K	7.4K	7.1K	6.8K	6.8K	7.0K	7.1K	7.3K	7.4K	7.7K	7.9K	2.81%	58.40%						
Palo Alto	paloaltonetworks.com/	6.0K	6.4K	6.9K	7.1K	7.6K	7.5K	7.5K	7.5K	7.6K	7.9K	8.1K	8.5K	8.9K	9.3K	9.8K	10.5K	10.9K	11.3K	12.0K	12.4K	12.6K	12.6K	12.5K	12.5K	12.5K	12.5K	12.7K	12.9K	13.2K	13.5K	13.5K	-0.33%	125.54%						
Check Point	checkpoint.com/	1.9K	1.9K	1.9K	1.8K	1.9K	1.8K	1.6K	1.6K	1.6K	1.6K	1.6K	1.8K	1.9K	2.2K	2.4K	2.6K	2.8K	2.9K	3.2K	3.3K	3.3K	3.1K	3.0K	2.8K	2.7K	2.6K	2.5K	2.4K	2.5K	2.6K	2.6K	0.77%	36.85%						
Crowdstrike	crowdstrike.com/	4.4K	4.6K	4.8K	4.9K	5.1K	5.1K	5.0K	5.0K	5.2K	5.3K	5.3K	5.5K	5.4K	5.5K	5.9K	6.5K	6.8K	7.1K	7.6K	8.0K	8.3K	8.5K	8.6K	8.6K	8.5K	8.5K	8.4K	8.2K	8.3K	8.4K	8.1K	-3.92%	83.50%						
Cato Networks	catonetworks.com/	263								308	315	352	381	418	521	563	591	601	597	673	691	678	630	599	594	582	574	555	550	576	606	616	1.65%	134.22%						
Sentinelone	sentinelone.com/	4.2K								5.1K	5.5K	5.8K	6.5K	6.8K	7.4K	7.7K	8.2K	8.1K	8.1K	8.3K	8.1K	8.0K	7.6K	7.2K	7.2K	7.2K	7.5K	7.9K	8.4K	8.7K	9.3K	9.5K	2.62%	123.73%						
Wiz.io	Wiz.io	1.6K								2.0K	2.2K	2.3K	2.5K	2.6K	2.8K	2.9K	3.1K	3.1K	2.9K	2.9K	2.7K	2.8K	2.6K	2.6K	2.5K	2.5K	2.6K	2.8K	2.9K	3.0K	3.1K	3.1K	1.85%	101.22%						
																																								
																																								
AI Overview Traffic		"Baseline 
Dec'25"	"Wk 1
(Jan 05)"	"Wk 2
(Jan 12)"	"Wk 3
(Jan 19)"	"Wk 4
(Jan 26)"	"Wk 5
(Feb 02)"	"Wk 6
(Feb 09)"	"Wk 7
(Feb 16)"	"Wk 8
(Feb 23)"	"Wk 9
(Mar 02)"	"Wk 10
(Mar 09)"	"Wk 11
(Mar 16)"	"Wk 12
(Mar 23)"	"Wk 13
(Mar 30)"	"Wk 14
(Apr 06)"	"Wk 15
(Apr 13)"	"Wk 16
(Apr 20)"	"Wk 17
(Apr 27)"	"Wk 18
(May 04)"	"Wk 19
(May 11)"	"Wk 20
(May 18)"	"Wk 21
(May 25)"	"Wk 22
(Jun 01)"	"Wk 23
(Jun 08)"	"Wk 24
(Jun 15)"	"Wk 25
(Jun 22)"	"Wk 26
(Jun 29)"	"Wk 27
(Jul 06)"	"Wk 28
(Jul 13)"	"Wk 29
(Jul 20)"	"Wk 30
(Jul 27)"	% Weekly Growth	% Over all Growth	Trend					
Fortinet	fortinet.com/	274.7K	122.2K	139.2K	138.9K	104.0K	190.6K	221.0K	223.5K	314.3K	207.6K	202.9K	287.0K	198.2K	357.7K	409.2K	238.9K	215.3K	287.3K	335.8K	233.7K	224.3K	194.9K	185.3K	321.6K	299.3K	265.9K	216.3K	216.6K	347.2K	415.5K	116.0K	-72.10%	-57.79%						
Cisco	cisco.com/	195.9K	200.6K	158.4K	154.3K	121.1K	97.0K	203.3K	183.8K	336.6K	260.9K	277.0K	181.5K	199.1K	359.7K	193.8K	255.2K	292.4K	285.6K	341.6K	303.3K	350.7K	281.6K	333.1K	363.2K	431.4K	173.1K	144.0K	226.4K	239.9K	308.1K	122.5K	-60.23%	-37.46%						
HPE	hpe.com/	42.5K	65.5K	40.5K	38.3K	30.2K	34.1K	36.5K	41.8K	52.6K	42.3K	39.9K	47.9K	49.9K	52.6K	56.2K	52.0K	43.7K	48.8K	42.8K	43.2K	40.8K	40.9K	32.2K	36.2K	35.1K	36.9K	35.9K	29.5K	33.5K	36.8K	29.9K	-18.60%	-29.61%						
Palo Alto	paloaltonetworks.com/	64.5K	85.3K	47.4K	50.1K	48.7K	49.2K	39.2K	36.3K	35.2K	50.3K	56.4K	114.9K	94.9K	106.4K	78.9K	98.9K	151.9K	98.0K	68.6K	137.2K	89.9K	84.2K	78.1K	101.9K	127.0K	97.2K	93.6K	116.3K	89.5K	79.1K	59.4K	-24.89%	-7.99%						
Check Point	checkpoint.com/	9.8K	11.3K	10.6K	13.2K	14.4K	6.1K	7.3K	6.5K	12.6K	8.8K	10.6K	8.0K	11.0K	9.5K	13.5K	22.8K	12.0K	11.3K	12.6K	20.3K	13.5K	12.4K	10.3K	10.5K	11.8K	13.2K	10.8K	8.8K	9.8K	8.2K	6.4K	-21.50%	-34.59%						
Crowdstrike	crowdstrike.com/	56.8K	58.3K	32.6K	38.3K	22.2K	33.2K	45.7K	33.2K	71.8K	177.6K	175.7K	175.6K	44.1K	46.4K	54.7K	201.6K	96.5K	64.4K	140.9K	85.0K	62.7K	76.9K	40.9K	59.9K	68.4K	65.6K	69.5K	37.1K	76.5K	81.8K	29.9K	-63.46%	-47.39%						
Cato Networks	catonetworks.com/	1.3K								1.7K	1.5K	2.2K	2.7K	3.5K	2.7K	4.1K	3.5K	2.8K	2.8K	2.9K	2.7K	2.7K	2.3K	2.2K	2.4K	2.2K	1.9K	4.9K	6.9K	2.0K	2.1K	1.9K	-7.27%	44.41%						
Sentinelone	sentinelone.com/	22.7K								25.1K	91.9K	33.2K	107.4K	39.0K	41.0K	43.4K	51.7K	34.2K	29.7K	31.1K	29.0K	24.2K	25.8K	35.1K	24.5K	25.3K	27.9K	28.5K	28.9K	45.2K	31.1K	23.5K	-24.27%	3.95%						
Wiz.io	Wiz.io	148.1K								9.5K	11.5K	11.5K	10.6K	146.0K	161.4K	162.8K	95.1K	15.4K	13.4K	14.4K	14.9K	13.8K	12.9K	12.7K	12.3K	12.9K	40.5K	14.0K	10.3K	148.1K	15.2K	8.6K	-43.27%	-94.19%						
																																								