,
,
18 Categories,Keywords 
AI Security,AIops
AI Security,AI Data Center
Cloud Security,AWS Compliance
Cloud Security,Virtual Cloud Network
Cloud Security,Cloud Infrastructure
Cloud Security,Hybrid Cloud
Cloud Security,Hybrid Cloud Security
Cloud Security,Cspm
Cloud Security,Cloud Native
Cloud Security,Secure Web Gateway
Cloud Security,Cloud Security Tools
Cloud Security,Cloud Security Architecture
Cloud Security,Cloud Security Best Practices
Cloud Security,multi cloud security
NGFW,Cloud Native Firewall
Cloud Security,Cloud Application Security
Cloud Security,private cloud vs public cloud
NGFW,Distributed Firewall
NGFW,Stateful Firewall
NGFW,DNS Firewall
NGFW,Firewall Design Principles
Network Security,Network Security
OT Security,OT Security Best Practices
Cyber Compliance,Ot Network Segmentation
OT Security,ics scada
Quantum Security,Quantum Security
SASE,SASE Benefits
SASE,sd wan architecture
SASE,sd wan cost
ZTNA,Zero Trust Architecture
ZTNA,Zero Trust Cloud
VPN,Public Wifi
Cyber Threats,Threat Hunting
Cyber Security,information security
Access Control,Oauth
Cyber Security,Credential Stuffing
Cyber Threats,Malvertising
OT Security,edge computing
Cyber Threats,Wannacry Ransomware Attack
Access Control,Authentication Vs Authorization
Email Security,EmAIl Spoofing
Data Security,Cybersecurity Analytics
Cyber Threats,Worm Virus
Cyber Threats,Computer Viruses
VPN,VPN Blocker
Cyber Threats,DNS Poisioning
Cyber Threats,Cyberwarfare
Cyber Threats,Indicators Of Compromise
Cyber Security,File Transfer Protocol
Network Security,Kerberos Authentication
Cyber Security,What Is Nat
Network Security,What Is An IPS
Network Security,what is hsm
Network Security,Ethernet Switching
Cyber Threats,Buffer Overflow
Cyber Security,Icmp
Cyber Security,Fault Tolerance
Network Security,DNS Protection
Data Security,Data Leak
Network Security,Latency
Cyber Threats,What Is Catfishing
Cyber Threats,cyber attacks on small business
Cyber Threats,Ping Of Death
SASE,What Is Sse
Cyber Security,Mobile App Security
Cyber Threats,P2P VPN
Cyber Security,Runtime Application Self-Protection
Cyber Security,Enterprise Security
Cyber Threats,Cryptojacking
Cyber Threats,Smishing
Cyber Threats,Shadow It
Cyber Security,What Is Data Center
Network Security,Data Integrity
Cyber Threats,Wardriving
VPN,SSL VPN
Network Security,Snort
Cyber Threats,Zero-Day Attack
Cyber Security,Vulnerability Scanning Vs Penetration Testing
Cloud Security,Api Security
Cyber Security,Cryptography
Cyber Threats,Doxing
Access Control,access control
Email Security,Dkim Record
Access Control,Saml Vs Oauth Vs Open Id
Cyber Threats,Csrf Attack
Cyber Security,What Is CAPTCHA?
Cyber Security,Common Vulnerabilities And Exposures
Cyber Security,Reverse Proxy
OT Security,What Is Scada
Access Control,Identity And Access Management
Cyber Security,What Is Cybersecurity
Cyber Compliance,What Is SOC 2 Compliance
Cyber Compliance,Cobit
OT security,What Is IOT?
Cyber Security,Enterprise Architecture
Cyber Security,Disaster Recovery
Cyber Compliance,Personally Identifiable Information
Network Security,Osi Model
Cyber Compliance,Owasp
Cyber Security,Rbac
Cyber Threats,What Is A Cyber Attack
Cyber Threats,Vishing Attack
Endpoint Security,Endpoint Protection Platform
Network Security,What Is A Wan
Cyber Threats,Ransomware Statistics
Cloud Security,Ciem
Cyber Threats,Command And Control Attack
OT Security,IOT Security
Cyber Security,Packet Loss
Cyber Security,Dynamic Application Security Testing
Cyber Security,Bluekeep
SecOps,It Operations
Cyber Threats,Advanced Persistent Threat
Cloud Security,Cnapp
Cyber Threats,SOCial Engineering
SecOps,SAAS
SASE,Privileged Access Management
Cloud Security,Iaas
Data Security,Data Governance
OT Security,Iec 62443
Network Security,Digital Experience Monitoring
Network Security,Active Directory Cybersecurity
Endpoint Security,Scim Authentication
Network Security,Application Security
Cyber Threats,Cyber Safety
Cyber Threats,Cyber Resilience
Cyber Security,Antivirus Protection
NGFW,Web Application Firewall Architecture
Cyber Security,Cybersecurity Awareness
Network Security,It Security
Cyber Compliance,Nist 800 53
Cyber Compliance,Nittf Cnssd 504
Access Control,Principle Of Least Privilege
Cyber Security,Sbom
Data Security,Secret Detection
AI Security,ai in cybersecurity
AI Security,AI Adoption
AI Security,AI Security
AI Security,Deep Fake AI
Cloud Security,Virtual Private Cloud
SASE,CASB
Cloud Security,Public Cloud Security Risks
VPN,Cloud VPN
Cloud Security,cloud security
Data Security,Cloud Data Protection
Cloud Security,Cloud Encryption
Cloud Security,Cloud Firewall
NGFW,virtual firewall
Cloud Security,Cloud Security TIPS
Cloud Security,Cloud Detection And Response
Cloud Security,cloud workload protection platform
Data Security,DLP For Cloud
NGFW,What Does A Firewall Do
NGFW,Firewall As A Service
NGFW,Waf Vs Firewall
NGFW,How Does A Firewall Work
NGFW,Perimeter Firewall
NGFW,Transparent Firewall
NGFW,Firewall Configuration
NGFW,Hybrid Mesh Firewall
NGFW,Proxy Firewall
NGFW,Does Firewall Slow Down Internet Speed
NGFW,hybrid firewall
NGFW,Stateful Vs Stateless Firewall
NGFW,proxy server vs packet filtering firewall
NGFW,Firewall
NGFW,Hardware Firewall
NGFW,Firewall Benefits
NGFW,What Is A Firewall
NGFW,end of life firewall 
NGFW,Human Firewall
OT Security,Rugged Firewall
NGFW,web application firewall for enterprise
NGFW,waf
NGFW,best virtual firwall
NGFW,NGFW
Network Security,Network Security Vulnerability
Network Security,Network Security Threats
Network Security,Cloud Network Security
Network Security,Network Security Management
Network Security,Network Security Vs Cybersecurity
OT Security,it vs ot security
OT Security,Manufacturing Ot
Quantum Security,Quantum Key Distribution
Quantum Security,Post Quantum Cryptography
Quantum Security,Quantum Computing Security
Quantum Security,Quantum Safe Security
Quantum Security,Quantum Safe Encryption
SASE,sd wan vs sase
SASE,SASE Vs Casb
SASE,SASE
SASE,SASE Architecture
SASE,SASE Vs ZTNA
SASE,Sovereign SASE
SD-WAN,SDN Vs SD WAN
SD-WAN,sd wan vs vpn
SASE,sd wan explained
SD-WAN,sd wan benefits
SASE,SD WAN As A Service
SASE,sd wan security
Network Security,SD WAN Vs MPLs
SecOps,Security Operations
SecOps,Secops
SecOps,Secops Metrics
ZTNA,How To Implement Zero Trust
ZTNA,Universal ZTNA
ZTNA,Zero Trust EDGE
ZTNA,ZeroTrust Security Model
ZTNA,ZTNA Vs VPN
ZTNA,Zero-Trust Network Access
ZTNA,Virtual Firewall For Zero Trust
ZTNA,Zero Trust
Cyber Security,Cognitive Science
Cyber Compliance,FEDRamp
Cyber Security,Hyperscale Data Center
Cyber Threats,What Is Adware
Cyber Security,Common Vulnerability Scoring System
Cyber Security,Bitcoin Mining
Email Security,Business EmAIl Compromise
Email Security,what is dmarc
Cyber Compliance,Iso/Iec 27001
Cyber Security,managed security service provider
SecOps,Sandboxing
Cloud Security,Web Security
Cyber Security,Cybersecurity Management
Endpoint Security,endpoint security
Data Security,What Is Encryption
Network Security,Ldap Authentication
SASE,Privileged Identity Management
Network Security,DMZ
VPN,Does VPN Affect Internet Speed
VPN,Are VPNs Safe
Data Security,Threat Modeling
VPN,Is VPN Safe
Cyber Threats,Attack Vector
Cyber Security,Service Set Identifier
Data Security,Digital Rights Management
SecOps,Content Filtering
Data Security,What Is Splunk
SASE,What Is Proxy Server
Data Security,Data Egress
OT Security,IOT EDGE
SASE,Http Proxy
Cyber Threats,Web Security Threats
Email Security,EmAIl Encryption
Cyber Threats,Brute Force Attack
Data Security,Defense In Depth
Data Security,Honey Tokens
Data Security,Attack Surface
Data Security,Types Of Cyber Attacks
Cyber Threats,Active Defense
Cyber Compliance,Nist Compliance
Cyber Threats,Remote Access Trojan
Cyber Threats,Malware Analysis
Cyber Threats,Fake Hacking
Data Security,Pos Security
OT Security,IOT Security Best Practices
Endpoint Security,What Is EDR
Endpoint Security,Types Of Endpoint Security
Network Security,Wan Aggregation
SecOps,ueba
Email Security,what is a pst file
Access Control,Saml Vs Oauth
Cyber Security,What Is Traceroute
SASE,Authentication Token
Network Security,Network Traffic
Cyber Threats,Internet Fraud
Cyber Threats,802.1X Authentication
Network Security,Network Access Control List
Cyber Security,What Is An Open Proxy
Cloud Security,What Is An Api Key
Access Control,Radius Protocol
Cyber Security,Transparent Proxy
Cyber Security,OCSP
Network Security,Centralized Management
VPN,Benefits Of VPN
VPN,VPN Split Tunneling
VPN,Proxy Vs VPN
Access Control,Aaa Security
OT Security,Network EDGE
OT Security,Operational Security
Cloud Security,Hybrid Data Center
SASE,How To Setup A Proxy Server
Cyber Security,Message Authentication Code
Network Security,DNS Security
Data Security,Healthcare Data Security
Data Security,Data Center Security
Cyber Security,Cybersecurity Mesh
Cyber Threats,Hacking
VPN,How Does A VPN Work
Cyber Security,Cia Triad
SecOps,Security-As-A-Service
Cyber Compliance,Compliance Automation
Data Security,Data Deduplication
Cyber Security,Tcp Ip Model Vs Osi Model
Cyber Threats,TAIlgating Attack
Data Security,Data Security
Email Security,Phishing EmAIl Analysis
Data Security,Data Exfiltration
Email Security,Pgp Encryption
Network Security,Unified Threat Management
Cyber Threats,Url Phishing
Cyber Security,It Security Policy
Cyber Threats,DNS Hijacking
Cyber Threats,Dos Vs Ddos
Cyber Threats,Whaling Attack
Cyber Threats,Botnet
Cyber Threats,Port Scan
Network Security,Digital Certificates
Cyber Threats,Eavesdropping Attack
Network Security,Border Gateway Protocol
SASE,SSPM
Cyber Threats,Cyber Extortion
Cyber Security,Devops Security
Data Security,Confidential Computing
Cyber Threats,Scareware
Cyber Threats,Trojan Horse Virus
Cyber Security,Canary In Cybersecurity
Email Security,EmAIl Security
Cyber Security,cybersecurity tools for small business
Cyber Threats,Ransomware Settlement
Cyber Threats,Fileless Malware
Cyber Threats,Keyloggers
Network Security,Microsegmentation
Cyber Security,Cybersquatting
Cyber Security,What Is Firmware
Cyber Security,User Datagram Protocol
Network Security,Certificate Management
Network Security,what is Url Filtering
SD-WAN,Diy Vs Managed SD WAN
Network Security,Qos
SASE,Branch Networking
Network Security,MPLs
Cyber Security,FAIlover
Cyber Threats,Lateral Movement
VPN,Site To Site VPN
Cyber Threats,Ransomware Removal
Endpoint Security,Endpoint Security For Mobile Devices
SecOps,Shift Left Security
Cyber Security,What Is An Ip Address
Email Security,Spam Filtering
OT Security,IOT Device Vulnerabilities
Cloud Security,Ddos Mitigation
Cyber Security,what is time to live
Cyber Threats,Malware Vs Virus Vs Worm
Cyber Security,Login Credentials
Cyber Threats,Ransomware Jargon
Cyber Threats,Pretexting
OT Security,Ics Security
Cyber Security,Fortinet Doj
Network Security,Wireless Network
Cyber Security,What Is DNS
Cyber Security,What Is Https
Cyber Threats,Ransomware As A Service
Cyber Security,Tcp/Ip
Cyber Threats,What Is An Insider Threat
Network Security,Static Vs Dynamic Ip Address
Cyber Threats,Smurf Attack
Cyber Security,Cybersecurity TIPS For Small Businesses
Cyber Security,data loss prevention
Access Control,network access control
Cyber Threats,Dark Web Monitoring
Cyber Security,Caching
Cyber Threats,What Is Spyware
Cyber Security,Code Scanning
Cyber Security,Cybersecurity Statistics
Cyber Security,Pharming
Cyber Threats,What Is An Exploit
Cyber Security,Vulnerability Assessment
Cyber Threats,What Is A Bot
Cyber Threats,Ddos Protection
Cloud Security,What Is Openstack
Cloud Security,Hybrid It
Cyber Threats,Krack Attack
Cyber Security,Thin Client
Access Control,Ciam
Cyber Threats,Spear Phishing
Cyber Security,Advanced Threat Protection
SASE,Network As A Service
Endpoint Security,Managed Detection And Response
Access Control,What Is Sso?
Network Security,what is internet security
Network Security,Wireless Security TIPS
Cyber Compliance,What Is Pci Compliance
Cyber Threats,Sql Injection
Cyber Threats,Sextortion
Cyber Security,Web Scraping
Network Security,Network Monitoring
Access Control,Pki
Cloud Security,Paas
Cyber Security,Mobile Device Management
Cyber Threats,How To Prevent Ransomware
Network Security,Remote Desktop Protocol
Cyber Compliance,Cyber Glossary
Cyber Threats,Solarwinds Cyber Attack
Cyber Threats,Identity Theft
Cyber Compliance,Sarbanes-Oxley Act
Cyber Security,SSL Certificate
Data Security,Data Classification
SecOps,what is soar
Access Control,what is Mobile Security
Cyber Security,Devsecops
Cyber Security,Dynamic DNS
Cloud Security, Infrastructure As Code
Cyber Threats,What Is A Cyber Attack?
Access Control,Multi-Factor Authentication
Cyber Security,Account Takeover
Cyber Security,Colocation Data Center
Cyber Threats,Cyber Espionage
SecOps,Deception Technology
Network Security,Deep Packet Inspection
Network Security,Network Automation
Cyber Threats,DNS Leak
Cyber Threats,Swatting
Cyber Security,What Is A Honeypot
Data Security,What Is A Data Breach
Access Control,What Is Remote Access
SecOps,Incident Response
Cyber Threats,cyber warfare
Cyber Threats,remote work cyber security risks
Cyber Threats,What Is Deepfake
OT Security,Critical Infrastructure Protection
Cyber Threats,Watering Hole Attack
Cyber Threats,Rootkit
Access Control,Oidc
Network Security,Intrusion Detection System
Cyber Security,Heuristic Analysis
Cloud Security,Serverless Computing
Cyber Threats,Hacktivism
Cyber Threats,Types Of Phishing Attacks
Cyber Threats,Election Security
Cyber Threats,Arp
Cyber Threats,Supply ChAIn Attacks
Email Security,EmailSecurity Best Practices
Cyber Security,white hat hacking
Cyber Threats,What Is Ddos Attack
Cyber Security,Recent Cyber Attacks
VPN,Remote Access VPN
Cyber Compliance,Fisma
Cyber Threats,How To Detect Keylogger
Network Security,Network Segmentation
Network Security,Intrusion Prevention System
SecOps,SIEM
Endpoint Security,XDR
VPN,VPN Routers
Cyber Threats,Clickjacking
Cyber Security,Bring Your Own Device
Cyber Threats,Cross Site Scripting
Cyber Threats,Fast Flux Networks
Cyber Threats,Phishing
Cyber Threats,Malware
Endpoint Security,Unified Endpoint Management
Cyber Threats,Man In The Middle Attack
Cyber Security,Cyber Insurance
Cyber Threats,Bloatware
Access Control,What Is Two Factor Authentication
Cyber Threats,Black Hat Security
Network Security,DHCP
Cyber Security,Machine Learning
Cyber Threats,Cyber Threat Intelligence
Cyber Security,What Is A Qr Code
Network Security,Simple Network Management Protocol
Access Control,Federated Identity
Cyber Threats,Ransomware
SecOps,SOC
Cyber Threats,Wannacry
Cyber Security,Ci/Cd Pipelines
Network Security,How To Pick A Wifi Router
Network Security,Mitre Att&Ck
Network Security,What Is 5G?
Cyber Security,Virtual Desktop Infrastructure
VPN,What Is A VPN
Cyber Security,Fabric Of Security
SecOps,network detection and response
OT Security,Cyber Physical Systems
OT Security,Purdue Model
AI Security,What Is AIr Gap
Cyber Threats,Malware Protection
Endpoint Security,Browser Security
Cyber Threats,Types Of Malware
Endpoint Security,Identity As A Service
Network Security,DFIR
Network Security,Application Performance Monitoring
Cyber Security,SOC 1 Compliance
Cyber Compliance,Security Audit
SecOps,Web Application Security
Network Security,Server Virtualization
Cyber Threats,Vulnerability Assessment Tools
Data Security,Neural Networks
Cyber Security,shor's algorithm
Cyber Threats,Dark Web Vs Deep Web
Cyber Threats,Signs Of Malware
Cyber Security,Vulnerability Management
Cyber Security,Vulnerability Disclosure
OT Security,Virtual Patching
OT Security,Nerc Cip
Cyber Security,cyber security platform
OT Security,Compensating Controls
Cyber Security,Darkside Ransomware
OT Security,Rugged Hardware
Cyber Security,identity based attacks
VPN,Enterprise VPN Solutions
NGFW,WAF OWASP Top 10
Cloud Security,Virtual Machine
Cloud Security,Agent Vs Agentless Security
Data Security,Behavioral Analytics
Cyber Security,ci/cd
Data Security,Cspm Vs DSPM
Data Security,Ctem
Data Security,Data Discovery
Data Security,Data Matching
Data Security,Data Protection
Data Security,Dcap
Data Security,Device Control
Cyber Compliance,Digital Operational Resilience Act
Data Security,DLP Monitoring
Data Security,DLP Policy
Data Security,dlp as a service
Data Security,File Sharing Security
Cyber Compliance,Gdpr
Cyber Compliance,Hipaa Compliance
Access Control,Identity Risk
Cyber Threats,living off the land attack
Cyber Security,national vulnerability database
Data Security,Network DLP
OT Security,Private 5G Warehousing
Cloud Security,SAAS Security
Data Security,Secret Management
Cyber Threats,Security Misconfiguration
Access Control,Software Defined Perimeter
SecOps,Threat Detection And Response
Cyber Threats,remote code execution
Cyber Threats,Data Poisoning
Data Security,Data Privacy
Cloud Security,Cloud Migration
Cloud Security,cloud workload security
Data Security,rise of cybersecurity mesh
Access Control,SAML
NGFW,NGFW vs UTM
Cyber Security,Cybersecurity Trends
Cyber Security,Cybersecurity Best Practices
SecOps,MLSecops
Quantum Security,Quantum Cryptanalysis
Cyber Security,Cybersecurity Risks
Quantum Security,Quantum Cryptography
SecOps,red teaming
Data Security,Prompt Injection Attack
Cyber Threats,ai risk management
SASE,SASE Firewall