Position 2 & 3,,,,,,
S.No,Keywords ,URLs,SV,KD,Position Sep 07,AIO
1,New Data Breach Rules For Nonbanking Financial Institutions,https://www.fortinet.com/resources/articles/new-data-breach-rules-for-nonbanking-financial-institutions,0,7,2,No
2,Penalties For Hipaa Violations And Noncompliance,https://www.fortinet.com/resources/articles/penalties-for-hipaa-violations-and-noncompliance,0,56,3,No
3,Changes To Iso 27001 2022,https://www.fortinet.com/resources/articles/changes-to-iso-27001-2022,0,34,3,No
4,How To Conduct A Hipaa Compliance Audit,https://www.fortinet.com/resources/articles/how-to-conduct-a-hipaa-compliance-audit,0,25,3,No
5,How To Implement A Dlp Strategy,https://www.fortinet.com/resources/articles/how-to-implement-a-dlp-strategy,0,26,2,No
6,Hipaa Compliance Checklist,https://www.fortinet.com/resources/articles/hipaa-compliance-checklist,1300,28,3,No
7,Hipaa Compliant Telehealth Platforms,https://www.fortinet.com/resources/articles/hipaa-compliant-telehealth-platforms,720,36,2,Yes
8,Hipaa Compliant Video Conferencing,https://www.fortinet.com/resources/articles/hipaa-compliant-video-conferencing-platforms,590,36,2,Yes
9,Is Whatsapp Hipaa Compliant,https://www.fortinet.com/resources/articles/is-whatsapp-hipaa-compliant,480,11,3,Yes
10,Key Benefits Of Effective Endpoint Dlp,https://www.fortinet.com/resources/articles/key-benefits-of-effective-endpoint-dlp,0,22,3,No
11,Strategies To Defend AgAInst Insider Threats,https://www.fortinet.com/resources/articles/strategies-to-defend-against-insider-threats,0,23,3,Yes
12,Credential Compromise Attacks,https://www.fortinet.com/resources/articles/credential-compromise-attacks,0,37,2,No
13,Common Hipaa Violations,https://www.fortinet.com/resources/articles/common-hipaa-violations,170,22,3,No
14,How To Become Hipaa Compliant,https://www.fortinet.com/resources/articles/how-to-become-hipaa-compliant,320,43,2,No
15,Is Google Meet Hipaa Compliant,https://www.fortinet.com/resources/articles/is-google-meet-hipaa-compliant,880,1,2,No
16,what is q-day,https://www.fortinet.com/resources/articles/what-is-q-day,40,27,3,No
17,S3 Targeting,https://www.fortinet.com/resources/articles/trends-in-s3-targeting,0,13,2,No