,,,,,Sep 21 Positions,AIO,
,,,,,55,,# of keywords on page 1
,,,,,5,,# of keywords on page 2
,,,,,1,,# of keywords on page 3
,,,,,2,,# of keywords on > page 3
,,,,,25,,# of keywords on position 1
,,,,,2,,# of keywords on Featured snippet
,,,,,2,,Moving Avg. of  Featured snippet 
,,,,,10,,# of keywords wihtout ranking
,,,,,9,,# of AIO keywords ranking
,,,,,,,
,,,,,14,,# of keywords with positive movement
,,,,,38,,# of keywords with No movement
,,,,,11,,# of keywords with negative movement
,,,,,73,,Total # of keywords
,,,,,,,
Sno,Keywords ,URLs,SV,KD,Sep 21 Positions,AIO,
1,Kinsing And Dark Iot Botnet,https://www.fortinet.com/resources/articles/kinsing-dark-iot-botnet,0,18,1,No,
2,Sysrv - Hello,https://www.fortinet.com/resources/articles/sysrv-hello,0,6,1,No,
3,Cloud Security Solutions,https://www.fortinet.com/resources/articles/top-cloud-security-solutions,5400,53,13,No,
4,Carbine Cryptojacking CampAIgn,https://www.fortinet.com/resources/articles/carbine-loader-cryptojacking,10,16,2,No,
5,Androxgh0St – The Python Malware Exploiting Your Aws Keys,https://www.fortinet.com/resources/articles/androxgh0st-the-python-malware-exploiting-your-aws-keys,0,4,1,No,
6,Cybersecurity Incident Management,https://www.fortinet.com/resources/articles/cybersecurity-incident-management,20,44,1,No,
7,Dlp Security Checklist,https://www.fortinet.com/resources/articles/dlp-security-checklist,0,16,1,No,
8,New Data Breach Rules For Nonbanking Financial Institutions,https://www.fortinet.com/resources/articles/new-data-breach-rules-for-nonbanking-financial-institutions,0,7,2,No,
9,Penalties For Hipaa Violations And Noncompliance,https://www.fortinet.com/resources/articles/penalties-for-hipaa-violations-and-noncompliance,0,56,4,No,
10,Changes To Iso 27001 2022,https://www.fortinet.com/resources/articles/changes-to-iso-27001-2022,0,34,5,No,
11,How To Conduct A Hipaa Compliance Audit,https://www.fortinet.com/resources/articles/how-to-conduct-a-hipaa-compliance-audit,0,25,2,No,
12,How To Implement A Dlp Strategy,https://www.fortinet.com/resources/articles/how-to-implement-a-dlp-strategy,0,26,2,No,
13,Addressing Bias Insider Risk Monitoring,https://www.fortinet.com/resources/articles/addressing-bias-insider-risk-monitoring,0,16,1,No,
14,Dlp Software Solution Considerations,https://www.fortinet.com/resources/articles/dlp-software-solution-considerations,0,22,1,No,
15,Hipaa Compliance Checklist,https://www.fortinet.com/resources/articles/hipaa-compliance-checklist,1300,28,2,Yes,
16,Hipaa Compliant Telehealth Platforms,https://www.fortinet.com/resources/articles/hipaa-compliant-telehealth-platforms,720,36,1,Yes,
17,Hipaa Compliant Video Conferencing,https://www.fortinet.com/resources/articles/hipaa-compliant-video-conferencing-platforms,590,36,1,Yes,
18,Aws Hipaa Compliance,https://www.fortinet.com/resources/articles/is-aws-hipaa-compliant,480,40,9,No,
19,Is Dropbox Hipaa Compliant,https://www.fortinet.com/resources/articles/is-dropbox-hipaa-compliant,590,20,7,No,
20,Is Google Drive Hipaa Compliant,https://www.fortinet.com/resources/articles/is-google-drive-hipaa-compliant,590,30,1,Yes,
21,Is Whatsapp Hipaa Compliant,https://www.fortinet.com/resources/articles/is-whatsapp-hipaa-compliant,480,11,5,Yes,
22,Key Benefits Of Effective Endpoint Dlp,https://www.fortinet.com/resources/articles/key-benefits-of-effective-endpoint-dlp,0,22,1,No,
23,Strategies To Defend AgAInst Insider Threats,https://www.fortinet.com/resources/articles/strategies-to-defend-against-insider-threats,0,23,3,No,
24,Credential Compromise Attacks,https://www.fortinet.com/resources/articles/credential-compromise-attacks,0,37,2,No,
25,How Do I Achieve Cyber Security Compliance,https://www.fortinet.com/resources/articles/how-do-i-achieve-cyber-security-compliance,0,27,2,No,
26,Is Microsoft Teams Hipaa Compliant,https://www.fortinet.com/resources/articles/is-microsoft-teams-hipaa-compliant,480,15,7,No,
27,Common Hipaa Violations,https://www.fortinet.com/resources/articles/common-hipaa-violations,170,22,1,No,
28,Cloud Identity Attacks Are GAIning Traction,https://www.fortinet.com/resources/articles/cloud-identity-attacks-are-gaining-traction,0,22,1,No,
29,Is GmAIl Hipaa Compliant,https://www.fortinet.com/resources/articles/is-gmail-hipaa-compliant,720,19,5,No,
30,Is Google Voice Hipaa Compliant,https://www.fortinet.com/resources/articles/is-google-voice-hipaa-compliant,590,14,7,No,
31,Is Slack Hipaa Compliant,https://www.fortinet.com/resources/articles/is-slack-hipaa-compliant,320,23,3,No,
32,Groundhog Botnet,https://www.fortinet.com/resources/articles/groundhog-botnet,0,14,1,No,
33,XZ Utils Vulnerability,https://www.fortinet.com/resources/articles/xz-utils-vulnerability,50,47,12,No,
34,Detecting AI Resource Hijacking With Composite Alerts,https://www.fortinet.com/resources/articles/detecting-ai-resource-hijacking-with-composite-alerts,0,7,1,No,
35,Is Docusign Hipaa Compliant,https://www.fortinet.com/resources/articles/is-docusign-hipaa-compliant,480,35,2,Yes,
36,Is Efax Hipaa Compliant,https://www.fortinet.com/resources/articles/is-efax-hipaa-compliant,140,25,4,No,
37,Is Facetime Hipaa Compliant,https://www.fortinet.com/resources/articles/is-facetime-hipaa-compliant,320,11,1,Yes,
38,How To Become Hipaa Compliant,https://www.fortinet.com/resources/articles/how-to-become-hipaa-compliant,320,43,1,Yes,
39,Implementing cnapp,https://www.fortinet.com/resources/articles/how-to-implement-cnapp,0,9,12,No,
40,defense against zero day attackshow to prevent bot attacks,https://www.fortinet.com/resources/articles/defending-against-zero-day-and-bot-attacks,0,16,1,No,
41,How FortiWeb WAF Transformed E-Commerce Security and Performance,https://www.fortinet.com/resources/articles/fortiweb-waf-transformed-ecommerce-security,0,0,1,No,
42,SecOps use cases to reduce MTTR,https://www.fortinet.com/resources/articles/reduce-mttr-secops-use-cases,0,10,1,No,
43,Crypto-Agility For Quantum Readiness,https://www.fortinet.com/resources/articles/crypto-agility-quantum-readiness,0,16,6,No,
44,Automated ransomware response playbook,https://www.fortinet.com/resources/articles/automated-ransomware-response,0,11,1,No,
45,post-quantum cryptography plan,https://www.fortinet.com/resources/articles/post-quantum-cryptography-preparation,0,48,8,No,
46,Redis Rush,https://www.fortinet.com/resources/articles/redis-rush,0,0,2,No,
47,Keksec &Tsunami-Ryuk,https://www.fortinet.com/resources/articles/keksec-tsunami-ryuk,0,3,1,No,
48,Watchdog Smuggles Malware,https://www.fortinet.com/resources/articles/watchdog-smuggles-malware,0,3,1,No,
49,Cloud Security Providers,https://www.fortinet.com/resources/articles/best-cloud-security-providers,590,30,7,No,
50,Is Google Meet Hipaa Compliant,https://www.fortinet.com/resources/articles/is-google-meet-hipaa-compliant,880,1,2,No,
51,Steps To Building Effective Insider Risk Management Program,https://www.fortinet.com/resources/articles/steps-to-building-effective-insider-risk-management-program,0,20,38,No,
52,Hipaa Compliant Cloud Storage Providers,https://www.fortinet.com/resources/articles/hipaa-compliant-cloud-storage-providers,10,44,9,No,
53,Is Zoom Hipaa Compliant,https://www.fortinet.com/resources/articles/is-zoom-hipaa-compliant,1300,21,6,No,
54,It Security And Segregation Of Duties,https://www.fortinet.com/resources/cyberglossary/aaa-security,0,24,-,No,
55,Is Google Docs Hipaa Compliant,https://www.fortinet.com/resources/articles/is-google-docs-hipaa-compliant,210,4,6,No,
56,Hipaa Compliance And Privacy For Employers,https://www.fortinet.com/resources/articles/hipaa-compliance-and-privacy-for-employers,0,9,-,No,
57,Taking Teamtnt Docker Images Offline,https://www.fortinet.com/resources/articles/navigating-the-paradox-of-insiders,0,20,-,No,
58,what is q-day,https://www.fortinet.com/resources/articles/what-is-q-day,40,27,1,No,
59,sase implementation,https://www.fortinet.com/resources/articles/sase-for-hybrid-workforces,320,49,37,No,
60,SASE Vendors,https://www.fortinet.com/resources/articles/steps-to-evaluate-sase-vendors,880,23,-,No,
61,SASE Solutions,https://www.fortinet.com/resources/articles/how-sase-secures-remote-branch-users,1900,66,-,No,
62,SASE vpn,https://www.fortinet.com/resources/articles/sase-replaces-vpns,390,55,2,Yes,
63,securing aws workloads /aws protection,https://www.fortinet.com/resources/articles/protect-aws-workloads,10,16,-,No,
64,secops automation,https://www.fortinet.com/resources/articles/deploying-secops-automation,110,10,16,No,
65,quantum day,https://www.fortinet.com/resources/articles/what-is-q-day,480,34,18,No,
66,Securing containers and kubernetes,https://www.fortinet.com/resources/articles/secure-containers-kubernetes-multi-cloud,0,27,26,No,
67,Automating security operations,https://www.fortinet.com/resources/articles/automate-security-operations-with-soar,0,11,-,No,
68,quantum risk assessment,https://www.fortinet.com/resources/articles/quantum-risk-assessment,20,22,2,No,
69,Docker Images,https://www.fortinet.com/resources/articles/teamtnt-docker-images,4400,66,-,No,
70,Grafana,https://www.fortinet.com/resources/articles/aws-credential-compromises-tied-to-grafana-ssrf-attacks,33100,97,-,No,
71,S3 Targeting,https://www.fortinet.com/resources/articles/trends-in-s3-targeting,0,13,1,No,
72,Find Big Cyber Threats With Small Signals,https://www.fortinet.com/resources/articles/big-threats-small-signals,0,54,-,No,
73,leading ai security companies,https://www.fortinet.com/resources/articles/leading-ai-security-companies,0,22,7,No,