,,,,,,,
,,,,,,,
,,,,,,,
,,,,,Position,AIO,
,,,,,431,,# of keywords on page 1
,,,,,71,,# of keywords on page 2
,,,,,29,,# of keywords on page 3
,,,,,14,,# of keywords on > page 3
,,,,,113,,# of keywords on position 1
,,,,,109,,# of keywords on Featured snippet
,,,,,109,,Moving Avg. of  Featured snippet 
,,,,,3,,# of keywords wihtout ranking
,,,,,184,,# of AIO keywords ranking
,,,,,,,
,,,,,138,,# of keywords with positive movement
,,,,,232,,# of keywords with No movement
,,,,,175,,# of keywords with negative movement
,,,,,548,,Total # of keywords
,,,,,,,
S.No,Keywords ,URLs,SV,KD,Position,AIO,
1,AIops,https://www.fortinet.com/resources/cyberglossary/aiops-future-of-it-operations,1300,69,24,No,
2,AI Data Center,https://www.fortinet.com/resources/cyberglossary/ai-data-centers,2900,36,2,No,
3,AWS Compliance,https://www.fortinet.com/resources/cyberglossary/aws-compliance,590,69,3,No,
4,Virtual Cloud Network,https://www.fortinet.com/resources/cyberglossary/virtual-cloud-network,70,49,12,No,
5,Cloud Infrastructure,https://www.fortinet.com/resources/cyberglossary/cloud-infrastructure,3600,57,18,No,
6,Hybrid Cloud,https://www.fortinet.com/resources/cyberglossary/what-is-hybrid-cloud,4400,62,22,No,
7,Hybrid Cloud Security,https://www.fortinet.com/resources/cyberglossary/hybrid-cloud-security,1300,31,10,No,
8,Cspm,https://www.fortinet.com/resources/cyberglossary/cloud-security-posture-management,5400,26,6,No,
9,Cloud Native,https://www.fortinet.com/resources/cyberglossary/what-is-cloud-native,2900,81,7,No,
10,Secure Web Gateway,https://www.fortinet.com/resources/cyberglossary/secure-web-gateways,4400,60,6,No,
11,Cloud Security Tools,https://www.fortinet.com/resources/cyberglossary/cloud-security-tools,2900,23,6,Yes,
12,Cloud Security Architecture,https://www.fortinet.com/resources/cyberglossary/cloud-security-architecture,2400,33,7,No,
13,Cloud Security Best Practices,https://www.fortinet.com/resources/cyberglossary/cloud-security-best-practices,3600,50,19,No,
14,multi cloud security,https://www.fortinet.com/resources/cyberglossary/multi-cloud-security,320,27,18,No,
15,Cloud Native Firewall,https://www.fortinet.com/resources/cyberglossary/cloud-native-firewalls,50,38,22,No,
16,Cloud Application Security,https://www.fortinet.com/resources/cyberglossary/cloud-application-security,1000,20,8,Yes,
17,private cloud vs public cloud,https://www.fortinet.com/resources/cyberglossary/public-vs-private-cloud,3600,28,20,No,
18,Distributed Firewall,https://www.fortinet.com/resources/cyberglossary/distributed-firewall,50,22,27,No,
19,Stateful Firewall,https://www.fortinet.com/resources/cyberglossary/stateful-firewall,1600,31,45,No,
20,DNS Firewall,https://www.fortinet.com/resources/cyberglossary/dns-firewall,320,30,6,Yes,
21,Firewall Design Principles,https://www.fortinet.com/resources/cyberglossary/firewall-design-principles,20,21,12,No,
22,Network Security,https://www.fortinet.com/resources/cyberglossary/what-is-network-security,1300,48,3,No,
23,OT Security Best Practices,https://www.fortinet.com/resources/cyberglossary/ot-security-best-practices,140,19,3,No,
24,Ot Network Segmentation,https://www.fortinet.com/resources/cyberglossary/ot-network-segmentation-and-microsegmentation,140,6,11,No,
25,ics scada,https://www.fortinet.com/resources/cyberglossary/ics-scada,90,14,24,No,
26,Quantum Security,https://www.fortinet.com/resources/cyberglossary/quantum-security,720,41,6,Yes,
27,SASE Benefits,https://www.fortinet.com/resources/cyberglossary/sase-benefits,720,17,1,No,
28,sd wan architecture,https://www.fortinet.com/resources/cyberglossary/sd-wan-architecture,320,19,6,No,
29,sd wan cost,https://www.fortinet.com/resources/cyberglossary/sd-wan-costs,110,9,7,No,
30,Zero Trust Architecture,https://www.fortinet.com/resources/cyberglossary/zero-trust-architecture,6600,78,4,Yes,
31,Zero Trust Cloud,https://www.fortinet.com/resources/cyberglossary/zero-trust-for-the-cloud,390,48,4,No,
32,Public Wifi,https://www.fortinet.com/resources/cyberglossary/vpn-wifi,1000,52,10,No,
33,Threat Hunting,https://www.fortinet.com/resources/cyberglossary/threat-hunting,4400,40,16,No,
34,information security,https://www.fortinet.com/resources/cyberglossary/information-security,1000,52,13,No,
35,Oauth,https://www.fortinet.com/resources/cyberglossary/oauth,12100,71,2,No,
36,Credential Stuffing,https://www.fortinet.com/resources/cyberglossary/credential-stuffing,3600,55,2,No,
37,Malvertising,https://www.fortinet.com/resources/cyberglossary/malvertising,1900,53,5,No,
38,edge computing,https://www.fortinet.com/resources/cyberglossary/edge-computing,3600,67,2,No,
39,Wannacry Ransomware Attack,https://www.fortinet.com/resources/cyberglossary/wannacry-ransomware-attack,2900,65,1,No,
40,Authentication Vs Authorization,https://www.fortinet.com/resources/cyberglossary/authentication-vs-authorization,3600,47,2,No,
41,EmAIl Spoofing,https://www.fortinet.com/resources/cyberglossary/email-spoofing,2400,56,2,No,
42,Cybersecurity Analytics,https://www.fortinet.com/resources/cyberglossary/cybersecurity-analytics,480,28,1,No,
43,Worm Virus,https://www.fortinet.com/resources/cyberglossary/worm-virus,1300,38,6,No,
44,Computer Viruses,https://www.fortinet.com/resources/cyberglossary/computer-virus,2400,49,3,No,
45,VPN Blocker,https://www.fortinet.com/resources/cyberglossary/vpn-blocker,2900,68,3,Yes,
46,DNS Poisioning,https://www.fortinet.com/resources/cyberglossary/dns-poisoning,20,42,4,No,
47,Cyberwarfare,https://www.fortinet.com/resources/cyberglossary/cyber-warfare,1600,55,4,Yes,
48,Indicators Of Compromise,https://www.fortinet.com/resources/cyberglossary/indicators-of-compromise,4400,51,3,No,
49,File Transfer Protocol,https://www.fortinet.com/resources/cyberglossary/file-transfer-protocol-ftp-meaning,1600,49,5,No,
50,Kerberos Authentication,https://www.fortinet.com/resources/cyberglossary/kerberos-authentication,1900,43,10,Yes,
51,What Is Nat,https://www.fortinet.com/resources/cyberglossary/network-address-translation,4400,48,3,No,
52,What Is An IPS,https://www.fortinet.com/resources/cyberglossary/what-is-an-ips,720,38,8,No,
53,what is hsm,https://www.fortinet.com/resources/cyberglossary/hardware-security-module,14800,71,2,No,
54,Ethernet Switching,https://www.fortinet.com/resources/cyberglossary/what-is-ethernet-switching,260,33,7,No,
55,Buffer Overflow,https://www.fortinet.com/resources/cyberglossary/buffer-overflow,2900,56,3,Yes,
56,Icmp,https://www.fortinet.com/resources/cyberglossary/internet-control-message-protocol-icmp,12100,75,5,No,
57,Fault Tolerance,https://www.fortinet.com/resources/cyberglossary/fault-tolerance,2400,44,3,No,
58,DNS Protection,https://www.fortinet.com/resources/cyberglossary/dns-protection,590,47,9,No,
59,Data Leak,https://www.fortinet.com/resources/cyberglossary/data-leak,4400,65,4,No,
60,Latency,https://www.fortinet.com/resources/cyberglossary/latency,33100,67,13,Yes,
61,What Is Catfishing,https://www.fortinet.com/resources/cyberglossary/catfishing,8100,48,2,Yes,
62,cyber attacks on small business,https://www.fortinet.com/resources/cyberglossary/smb-cyberattacks,0,51,28,No,
63,Ping Of Death,https://www.fortinet.com/resources/cyberglossary/ping-of-death,880,30,1,No,
64,What Is Sse,https://www.fortinet.com/resources/cyberglossary/security-service-edge-sse,1300,20,11,No,
65,Mobile App Security,https://www.fortinet.com/resources/cyberglossary/mobile-app-security,1600,20,3,No,
66,P2P VPN,https://www.fortinet.com/resources/cyberglossary/peer-to-peer-p2p-vpn,3600,43,1,No,
67,Runtime Application Self-Protection,https://www.fortinet.com/resources/cyberglossary/runtime-application-self-protection-rasp,320,32,8,No,
68,Enterprise Security,https://www.fortinet.com/resources/cyberglossary/enterprise-security,2400,43,2,No,
69,Cryptojacking,https://www.fortinet.com/resources/cyberglossary/cryptojacking,1600,56,6,No,
70,Smishing,https://www.fortinet.com/resources/cyberglossary/smishing,18100,52,3,No,
71,Shadow It,https://www.fortinet.com/resources/cyberglossary/shadow-it,3600,50,14,No,
72,What Is Data Center,https://www.fortinet.com/resources/cyberglossary/data-center,590,52,4,No,
73,Data Integrity,https://www.fortinet.com/resources/cyberglossary/data-integrity,5400,55,6,No,
74,Wardriving,https://www.fortinet.com/resources/cyberglossary/wardriving,1900,44,4,No,
75,SSL VPN,https://www.fortinet.com/resources/cyberglossary/ssl-vpn,4400,55,4,Yes,
76,Snort,https://www.fortinet.com/resources/cyberglossary/snort,6600,66,14,No,
77,Zero-Day Attack,https://www.fortinet.com/resources/cyberglossary/zero-day-attack,1000,50,2,Yes,
78,Vulnerability Scanning Vs Penetration Testing,https://www.fortinet.com/resources/cyberglossary/vulnerability-scanning-compare,390,25,1,No,
79,Api Security,https://www.fortinet.com/resources/cyberglossary/api-security,3600,55,6,No,
80,Cryptography,https://www.fortinet.com/resources/cyberglossary/what-is-cryptography,22200,77,5,No,
81,Doxing,https://www.fortinet.com/resources/cyberglossary/doxing,27100,56,2,No,
82,access control,https://www.fortinet.com/resources/cyberglossary/access-control,1000,66,2,Yes,
83,Dkim Record,https://www.fortinet.com/resources/cyberglossary/dkim-record,1300,64,5,No,
84,Saml Vs Oauth Vs Open Id,https://www.fortinet.com/resources/cyberglossary/saml-vs-oauth,20,18,10,No,
85,Csrf Attack,https://www.fortinet.com/resources/cyberglossary/csrf,1300,65,13,No,
86,What Is CAPTCHA?,https://www.fortinet.com/resources/cyberglossary/captcha,33100,81,3,No,
87,Common Vulnerabilities And Exposures,https://www.fortinet.com/resources/cyberglossary/cve,6600,91,2,No,
88,Reverse Proxy,https://www.fortinet.com/resources/cyberglossary/reverse-proxy,6600,69,8,Yes,
89,What Is Scada,https://www.fortinet.com/resources/cyberglossary/scada-and-scada-systems,3600,40,6,No,
90,Identity And Access Management,https://www.fortinet.com/resources/cyberglossary/identity-and-access-management,5400,65,4,No,
91,What Is Cybersecurity,https://www.fortinet.com/resources/cyberglossary/what-is-cybersecurity,9900,77,10,No,
92,What Is SOC 2 Compliance,https://www.fortinet.com/resources/cyberglossary/soc-2-compliance,1000,45,2,No,
93,Cobit,https://www.fortinet.com/resources/cyberglossary/what-is-cobit,3600,41,5,Yes,
94,What Is IOT?,https://www.fortinet.com/resources/cyberglossary/iot,9900,75,14,No,
95,Enterprise Architecture,https://www.fortinet.com/resources/cyberglossary/enterprise-architecture,3600,46,4,No,
96,Disaster Recovery,https://www.fortinet.com/resources/cyberglossary/disaster-recovery,8100,74,4,No,
97,Personally Identifiable Information,https://www.fortinet.com/resources/cyberglossary/pii,12100,64,6,No,
98,Osi Model,https://www.fortinet.com/resources/cyberglossary/osi-model,33100,59,26,No,
99,Owasp,https://www.fortinet.com/resources/cyberglossary/owasp,14800,72,3,No,
100,Rbac,https://www.fortinet.com/resources/cyberglossary/role-based-access-control,9900,79,20,Yes,
101,What Is A Cyber Attack,https://www.fortinet.com/resources/cyberglossary/what-is-cyber-attack,2900,61,14,Yes,
102,Vishing Attack,https://www.fortinet.com/resources/cyberglossary/vishing-attack,1600,35,5,No,
103,Endpoint Protection Platform,https://www.fortinet.com/resources/cyberglossary/endpoint-protection-platform,1300,39,2,No,
104,What Is A Wan,https://www.fortinet.com/resources/cyberglossary/wan,1600,49,2,No,
105,Ransomware Statistics,https://www.fortinet.com/resources/cyberglossary/ransomware-statistics,590,44,13,Yes,
106,Ciem,https://www.fortinet.com/resources/cyberglossary/ciem,1900,36,11,No,
107,Command And Control Attack,https://www.fortinet.com/resources/cyberglossary/command-and-control-attacks,70,19,75,Yes,
108,IOT Security,https://www.fortinet.com/resources/cyberglossary/iot-security,3600,52,18,Yes,
109,Packet Loss,https://www.fortinet.com/resources/cyberglossary/what-is-packet-loss,3600,54,5,Yes,
110,Dynamic Application Security Testing,https://www.fortinet.com/resources/cyberglossary/dynamic-application-security-testing,1300,32,20,Yes,
111,Bluekeep,https://www.fortinet.com/resources/cyberglossary/what-is-bluekeep,320,22,9,Yes,
112,It Operations,https://www.fortinet.com/resources/cyberglossary/it-operations,2400,32,9,No,
113,Advanced Persistent Threat,https://www.fortinet.com/resources/cyberglossary/advanced-persistent-threat,2900,72,21,No,
114,Cnapp,https://www.fortinet.com/resources/cyberglossary/cnapp,5400,44,33,No,
115,SOCial Engineering,https://www.fortinet.com/resources/cyberglossary/social-engineering,14800,74,9,No,
116,SAAS,https://www.fortinet.com/resources/cyberglossary/software-as-a-service,90500,92,3,No,
117,Privileged Access Management,https://www.fortinet.com/resources/cyberglossary/privileged-access-management,6600,62,25,No,
118,Iaas,https://www.fortinet.com/resources/cyberglossary/infrastructure-as-a-service,9900,65,6,No,
119,Data Governance,https://www.fortinet.com/resources/cyberglossary/data-governance,12100,65,6,No,
120,Iec 62443,https://www.fortinet.com/resources/cyberglossary/iec-62443,1600,37,22,No,
121,Digital Experience Monitoring,https://www.fortinet.com/resources/cyberglossary/digital-experience-monitoring,1000,19,4,Yes,
122,Active Directory Cybersecurity,https://www.fortinet.com/resources/cyberglossary/active-directory,30,20,10,No,
123,Scim Authentication,https://www.fortinet.com/resources/cyberglossary/what-is-scim,110,32,17,No,
124,Application Security,https://www.fortinet.com/resources/cyberglossary/application-security,4400,49,16,No,
125,Cyber Safety,https://www.fortinet.com/resources/cyberglossary/cyber-safety,1000,52,2,No,
126,Cyber Resilience,https://www.fortinet.com/resources/cyberglossary/cyber-resilience,2400,48,6,Yes,
127,Antivirus Protection,https://www.fortinet.com/resources/cyberglossary/antivirus-protection,4400,88,10,Yes,
128,Web Application Firewall Architecture,https://www.fortinet.com/resources/cyberglossary/waf-architecture,170,45,7,Yes,
129,Cybersecurity Awareness,https://www.fortinet.com/resources/cyberglossary/cybersecurity-awareness,1220000,65,4,No,
130,It Security,https://www.fortinet.com/resources/cyberglossary/it-security,8100,43,5,Yes,
131,Nist 800 53,https://www.fortinet.com/resources/cyberglossary/nist-800-53,4400,44,5,Yes,
132,Nittf Cnssd 504,https://www.fortinet.com/resources/cyberglossary/nittf-cnssd-504,0,14,10,No,
133,Principle Of Least Privilege,https://www.fortinet.com/resources/cyberglossary/principle-of-least-privilege,5400,63,4,No,
134,Sbom,https://www.fortinet.com/resources/cyberglossary/sbom,4400,46,8,No,
135,Secret Detection,https://www.fortinet.com/resources/cyberglossary/secret-detection,50,24,10,No,
136,ai in cybersecurity,https://www.fortinet.com/resources/cyberglossary/artificial-intelligence-in-cybersecurity,320,67,6,Yes,
137,AI Adoption,https://www.fortinet.com/resources/cyberglossary/ai-adoption,1600,48,7,No,
138,AI Security,https://www.fortinet.com/resources/cyberglossary/ai-security,4400,67,12,Yes,
139,Deep Fake AI,https://www.fortinet.com/resources/cyberglossary/deepfake-ai,3600,82,6,No,
140,Virtual Private Cloud,https://www.fortinet.com/resources/cyberglossary/vpc,1600,21,6,No,
141,CASB,https://www.fortinet.com/resources/cyberglossary/casb,1600,50,3,Yes,
142,Public Cloud Security Risks,https://www.fortinet.com/resources/cyberglossary/public-cloud-security-risks,40,25,4,No,
143,Cloud VPN,https://www.fortinet.com/resources/cyberglossary/cloud-vpn,4400,56,3,Yes,
144,cloud security,https://www.fortinet.com/resources/cyberglossary/what-is-cloud-security,1300,54,5,No,
145,Cloud Data Protection,https://www.fortinet.com/resources/cyberglossary/cloud-data-protection,1300,42,4,No,
146,Cloud Encryption,https://www.fortinet.com/resources/cyberglossary/cloud-encryption,720,37,1,Yes,
147,Cloud Firewall,https://www.fortinet.com/resources/cyberglossary/cloud-firewall,1300,38,10,Yes,
148,virtual firewall,https://www.fortinet.com/resources/cyberglossary/virtual-firewall-for-cloud,1000,36,2,No,
149,Cloud Security TIPS,https://www.fortinet.com/resources/cyberglossary/cloud-security-tips,2240000,34,2,No,
150,Cloud Detection And Response,https://www.fortinet.com/resources/cyberglossary/cloud-detection-and-response,720,19,2,Yes,
151,cloud workload protection platform,https://www.fortinet.com/resources/cyberglossary/cwpp,2900,37,6,No,
152,DLP For Cloud,https://www.fortinet.com/resources/cyberglossary/dlp-for-cloud,70,26,8,No,
153,What Does A Firewall Do,https://www.fortinet.com/resources/cyberglossary/what-does-a-firewall-do,1600,59,1,Yes,
154,Firewall As A Service,https://www.fortinet.com/resources/cyberglossary/firewall-as-a-service-fwaas,1000,30,1,Yes,
155,Waf Vs Firewall,https://www.fortinet.com/resources/cyberglossary/waf-vs-firewall,320,20,1,Yes,
156,How Does A Firewall Work,https://www.fortinet.com/resources/cyberglossary/how-does-a-firewall-work,590,44,1,Yes,
157,Perimeter Firewall,https://www.fortinet.com/resources/cyberglossary/perimeter-firewall,170,13,1,Yes,
158,Transparent Firewall,https://www.fortinet.com/resources/cyberglossary/transparent-firewall,50,9,1,Yes,
159,Firewall Configuration,https://www.fortinet.com/resources/cyberglossary/firewall-configuration,5400,27,1,Yes,
160,Hybrid Mesh Firewall,https://www.fortinet.com/resources/cyberglossary/hybrid-mesh-firewall,170,24,7,Yes,
161,Proxy Firewall,https://www.fortinet.com/resources/cyberglossary/proxy-firewall,590,32,1,No,
162,Does Firewall Slow Down Internet Speed,https://www.fortinet.com/resources/cyberglossary/does-a-firewall-affect-internet-speed,20,11,1,No,
163,hybrid firewall,https://www.fortinet.com/resources/cyberglossary/hybrid-firewall-advantages-disadvantages,20,23,2,No,
164,Stateful Vs Stateless Firewall,https://www.fortinet.com/resources/cyberglossary/stateful-vs-stateless-firewall,1000,33,1,No,
165,proxy server vs packet filtering firewall,https://www.fortinet.com/resources/cyberglossary/proxy-server-vs-packet-filtering-firewall,10,25,1,No,
166,Firewall,https://www.fortinet.com/resources/cyberglossary/firewall,27100,74,9,Yes,
167,Hardware Firewall,https://www.fortinet.com/resources/cyberglossary/hardware-firewalls-better-than-software,4400,28,4,Yes,
168,Firewall Benefits,https://www.fortinet.com/resources/cyberglossary/benefits-of-firewall,50,44,1,No,
169,What Is A Firewall,https://www.fortinet.com/resources/cyberglossary/firewall,135000,70,3,Yes,
170,end of life firewall ,https://www.fortinet.com/resources/cyberglossary/end-of-life-firewall,2900,54,1,No,
171,Human Firewall,https://www.fortinet.com/resources/cyberglossary/human-firewall,1000,21,7,No,
172,Rugged Firewall,https://www.fortinet.com/resources/cyberglossary/ruggedized-firewall,20,11,1,No,
173,web application firewall for enterprise,https://www.fortinet.com/resources/cyberglossary/business-web-application-firewall,0,69,6,No,
174,waf,https://www.fortinet.com/resources/cyberglossary/waf,1300,58,5,No,
175,best virtual firwall,https://www.fortinet.com/resources/cyberglossary/comparing-virtual-firewalls,590,39,5,No,
176,NGFW,https://www.fortinet.com/resources/cyberglossary/next-generation-firewall,4400,52,2,No,
177,Network Security Vulnerability,https://www.fortinet.com/resources/cyberglossary/network-security-vulnerability,110,27,1,Yes,
178,Network Security Threats,https://www.fortinet.com/resources/cyberglossary/network-security-threats,720,50,1,Yes,
179,Cloud Network Security,https://www.fortinet.com/resources/cyberglossary/cloud-network-security,2900,32,4,Yes,
180,Network Security Management,https://www.fortinet.com/resources/cyberglossary/network-security-management,1300,31,2,No,
181,Network Security Vs Cybersecurity,https://www.fortinet.com/resources/cyberglossary/network-security-vs-cybersecurity,90,12,1,Yes,
182,it vs ot security,https://www.fortinet.com/resources/cyberglossary/it-vs-ot-cybersecurity,70,42,5,No,
183,Manufacturing Ot,https://www.fortinet.com/resources/cyberglossary/manufacturing-ot,40,10,3,No,
184,Quantum Key Distribution,https://www.fortinet.com/resources/cyberglossary/quantum-key-distribution,1000,45,3,Yes,
185,Post Quantum Cryptography,https://www.fortinet.com/resources/cyberglossary/post-quantum-cryptography,3600,76,12,No,
186,Quantum Computing Security,https://www.fortinet.com/resources/cyberglossary/quantum-computing-security,110,34,4,No,
187,Quantum Safe Security,https://www.fortinet.com/resources/cyberglossary/quantum-safe-security,70,48,1,No,
188,Quantum Safe Encryption,https://www.fortinet.com/resources/cyberglossary/quantum-safe-encryption,390,49,2,No,
189,sd wan vs sase,https://www.fortinet.com/resources/cyberglossary/sd-wan-vs-sase,70,13,2,Yes,
190,SASE Vs Casb,https://www.fortinet.com/resources/cyberglossary/sase-vs-casb,260,25,2,Yes,
191,SASE,https://www.fortinet.com/resources/cyberglossary/sase,14800,69,1,Yes,
192,SASE Architecture,https://www.fortinet.com/resources/cyberglossary/sase-architecture,1000,59,5,No,
193,SASE Vs ZTNA,https://www.fortinet.com/resources/cyberglossary/sase-vs-ztna,110,17,3,Yes,
194,Sovereign SASE,https://www.fortinet.com/resources/cyberglossary/sovereign-sase,40,8,2,Yes,
195,SDN Vs SD WAN,https://www.fortinet.com/resources/cyberglossary/sdn-vs-sd-wan,210,24,1,Yes,
196,sd wan vs vpn,https://www.fortinet.com/resources/cyberglossary/sd-wan-vs-vpn,110,12,5,Yes,
197,sd wan explained,https://www.fortinet.com/resources/cyberglossary/sd-wan-explained,50,40,5,No,
198,sd wan benefits,https://www.fortinet.com/resources/cyberglossary/benefits-of-sd-wan,390,24,1,Yes,
199,SD WAN As A Service,https://www.fortinet.com/resources/cyberglossary/sd-wan-as-a-service,590,7,1,No,
200,sd wan security,https://www.fortinet.com/resources/cyberglossary/sd-wan-security,260,30,7,No,
201,SD WAN Vs MPLs,https://www.fortinet.com/resources/cyberglossary/sd-wan-vs-mpls,880,19,4,Yes,
202,Security Operations,https://www.fortinet.com/resources/cyberglossary/what-is-secops,1300,49,3,No,
203,Secops,https://www.fortinet.com/resources/cyberglossary/what-is-secops,1900,47,9,Yes,
204,Secops Metrics,https://www.fortinet.com/resources/cyberglossary/secops-metrics,30,16,1,No,
205,How To Implement Zero Trust,https://www.fortinet.com/resources/cyberglossary/how-to-implement-zero-trust,880,50,3,Yes,
206,Universal ZTNA,https://www.fortinet.com/resources/cyberglossary/universal-ztna,110,15,1,Yes,
207,Zero Trust EDGE,https://www.fortinet.com/resources/cyberglossary/zero-trust-edge,260,14,2,No,
208,ZeroTrust Security Model,https://www.fortinet.com/resources/cyberglossary/what-is-the-zero-trust-network-security-model,5400,36,1,No,
209,ZTNA Vs VPN,https://www.fortinet.com/resources/cyberglossary/ztna-vs-vpn,1000,29,1,No,
210,Zero-Trust Network Access,https://www.fortinet.com/resources/cyberglossary/what-is-ztna,8100,74,3,Yes,
211,Virtual Firewall For Zero Trust,https://www.fortinet.com/resources/cyberglossary/virtual-firewall-zero-trust,0,30,1,No,
212,Zero Trust,https://www.fortinet.com/resources/cyberglossary/what-is-zero-trust,9900,83,5,No,
213,Cognitive Science,https://www.fortinet.com/resources/cyberglossary/what-is-cognitive-science,12100,66,3,No,
214,FEDRamp,https://www.fortinet.com/resources/cyberglossary/what-is-fedramp,18100,67,11,No,
215,Hyperscale Data Center,https://www.fortinet.com/resources/cyberglossary/hyperscale,1900,34,1,Yes,
216,What Is Adware,https://www.fortinet.com/resources/cyberglossary/what-is-adware,3600,46,2,Yes,
217,Common Vulnerability Scoring System,https://www.fortinet.com/resources/cyberglossary/common-vulnerability-scoring-system,18100,77,4,No,
218,Bitcoin Mining,https://www.fortinet.com/resources/cyberglossary/what-is-bitcoin-mining,12100,94,2,Yes,
219,Business EmAIl Compromise,https://www.fortinet.com/resources/cyberglossary/business-email-compromise,2900,58,9,No,
220,what is dmarc,https://www.fortinet.com/resources/cyberglossary/dmarc,12100,78,3,Yes,
221,Iso/Iec 27001,https://www.fortinet.com/resources/cyberglossary/iso-iec-27001,2900,62,6,No,
222,managed security service provider,https://www.fortinet.com/resources/cyberglossary/what-is-mssp,12100,61,2,Yes,
223,Sandboxing,https://www.fortinet.com/resources/cyberglossary/what-is-sandboxing,1900,56,5,Yes,
224,Web Security,https://www.fortinet.com/resources/cyberglossary/what-is-web-security,2400,43,24,No,
225,Cybersecurity Management,https://www.fortinet.com/resources/cyberglossary/cybersecurity-management,720,28,3,No,
226,endpoint security,https://www.fortinet.com/resources/cyberglossary/what-is-endpoint-security,1600,49,3,No,
227,What Is Encryption,https://www.fortinet.com/resources/cyberglossary/encryption,3600,75,9,Yes,
228,Ldap Authentication,https://www.fortinet.com/resources/cyberglossary/ldap-authentication,880,24,1,No,
229,Privileged Identity Management,https://www.fortinet.com/resources/cyberglossary/privileged-identity-management,6600,33,3,Yes,
230,DMZ,https://www.fortinet.com/resources/cyberglossary/what-is-dmz,22200,80,4,No,
231,Does VPN Affect Internet Speed,https://www.fortinet.com/resources/cyberglossary/does-vpn-decrease-internet-speed,90,43,5,Yes,
232,Are VPNs Safe,https://www.fortinet.com/resources/cyberglossary/are-vpns-safe,1300,34,6,Yes,
233,Threat Modeling,https://www.fortinet.com/resources/cyberglossary/threat-modeling,2900,60,2,No,
234,Is VPN Safe,https://www.fortinet.com/resources/cyberglossary/are-vpns-safe,1300,45,2,Yes,
235,Attack Vector,https://www.fortinet.com/resources/cyberglossary/attack-vector,1600,48,6,Yes,
236,Service Set Identifier,https://www.fortinet.com/resources/cyberglossary/service-set-identifier-ssid,1300,21,1,Yes,
237,Digital Rights Management,https://www.fortinet.com/resources/cyberglossary/digital-rights-management-drm,5400,49,4,No,
238,Content Filtering,https://www.fortinet.com/resources/cyberglossary/content-filtering,2400,35,1,Yes,
239,What Is Splunk,https://www.fortinet.com/resources/cyberglossary/what-is-splunk,4400,44,3,No,
240,What Is Proxy Server,https://www.fortinet.com/resources/cyberglossary/proxy-server,1600,63,17,Yes,
241,Data Egress,https://www.fortinet.com/resources/cyberglossary/data-egress,320,35,1,Yes,
242,IOT EDGE,https://www.fortinet.com/resources/cyberglossary/iot-edge,390,50,3,No,
243,Http Proxy,https://www.fortinet.com/resources/cyberglossary/http-proxy,1900,59,1,Yes,
244,Web Security Threats,https://www.fortinet.com/resources/cyberglossary/web-security-threats,110,49,2,No,
245,EmAIl Encryption,https://www.fortinet.com/resources/cyberglossary/email-encryption,2900,51,7,Yes,
246,Brute Force Attack,https://www.fortinet.com/resources/cyberglossary/brute-force-attack,1900,66,1,No,
247,Defense In Depth,https://www.fortinet.com/resources/cyberglossary/defense-in-depth,2900,60,3,Yes,
248,Honey Tokens,https://www.fortinet.com/resources/cyberglossary/honey-tokens,320,23,1,Yes,
249,Attack Surface,https://www.fortinet.com/resources/cyberglossary/attack-surface,1900,55,6,Yes,
250,Types Of Cyber Attacks,https://www.fortinet.com/resources/cyberglossary/types-of-cyber-attacks,2900,68,1,Yes,
251,Active Defense,https://www.fortinet.com/resources/cyberglossary/active-defense,170,20,7,Yes,
252,Nist Compliance,https://www.fortinet.com/resources/cyberglossary/nist-compliance,1900,32,1,No,
253,Remote Access Trojan,https://www.fortinet.com/resources/cyberglossary/remote-access-trojan,4400,42,2,Yes,
254,Malware Analysis,https://www.fortinet.com/resources/cyberglossary/malware-analysis,1300,24,3,No,
255,Fake Hacking,https://www.fortinet.com/resources/cyberglossary/fake-hacking,5400,51,14,No,
256,Pos Security,https://www.fortinet.com/resources/cyberglossary/pos-security,480,20,1,Yes,
257,IOT Security Best Practices,https://www.fortinet.com/resources/cyberglossary/iot-best-practices,210,37,1,No,
258,What Is EDR,https://www.fortinet.com/resources/cyberglossary/what-is-edr,2400,63,3,No,
259,Types Of Endpoint Security,https://www.fortinet.com/resources/cyberglossary/types-of-endpoint-security,110,26,1,Yes,
260,Wan Aggregation,https://www.fortinet.com/resources/cyberglossary/what-is-wan-aggregation,260,18,5,Yes,
261,ueba,https://www.fortinet.com/resources/cyberglossary/what-is-ueba,590,44,5,No,
262,what is a pst file,https://www.fortinet.com/resources/cyberglossary/pst-file,2400,33,1,Yes,
263,Saml Vs Oauth,https://www.fortinet.com/resources/cyberglossary/saml-vs-oauth,1000,31,1,No,
264,What Is Traceroute,https://www.fortinet.com/resources/cyberglossary/traceroutes,390,21,1,Yes,
265,Authentication Token,https://www.fortinet.com/resources/cyberglossary/authentication-token,590,51,2,No,
266,Network Traffic,https://www.fortinet.com/resources/cyberglossary/network-traffic,720,41,1,Yes,
267,Internet Fraud,https://www.fortinet.com/resources/cyberglossary/internet-fraud,1300,78,4,No,
268,802.1X Authentication,https://www.fortinet.com/resources/cyberglossary/802-1x-authentication,1300,24,1,No,
269,Network Access Control List,https://www.fortinet.com/resources/cyberglossary/network-access-control-list,480,38,1,Yes,
270,What Is An Open Proxy,https://www.fortinet.com/resources/cyberglossary/what-is-an-open-proxy,110,17,1,No,
271,What Is An Api Key,https://www.fortinet.com/resources/cyberglossary/api-key,8100,44,2,No,
272,Radius Protocol,https://www.fortinet.com/resources/cyberglossary/radius-protocol,1900,44,2,Yes,
273,Transparent Proxy,https://www.fortinet.com/resources/cyberglossary/transparent-proxy,480,25,1,Yes,
274,OCSP,https://www.fortinet.com/resources/cyberglossary/ocsp,2900,49,3,Yes,
275,Centralized Management,https://www.fortinet.com/resources/cyberglossary/centralized-management,590,24,9,Yes,
276,Benefits Of VPN,https://www.fortinet.com/resources/cyberglossary/benefits-of-vpn,1900,62,10,Yes,
277,VPN Split Tunneling,https://www.fortinet.com/resources/cyberglossary/vpn-split-tunneling,880,42,2,Yes,
278,Proxy Vs VPN,https://www.fortinet.com/resources/cyberglossary/proxy-vs-vpn,4400,53,2,No,
279,Aaa Security,https://www.fortinet.com/resources/cyberglossary/aaa-security,880,51,5,No,
280,Network EDGE,https://www.fortinet.com/resources/cyberglossary/network-edge,480,49,1,No,
281,Operational Security,https://www.fortinet.com/resources/cyberglossary/operational-security,1600,37,4,No,
282,Hybrid Data Center,https://www.fortinet.com/resources/cyberglossary/hybrid-data-center,170,16,9,No,
283,How To Setup A Proxy Server,https://www.fortinet.com/resources/cyberglossary/how-to-setup-a-proxy-server,590,34,3,No,
284,Message Authentication Code,https://www.fortinet.com/resources/cyberglossary/message-authentication-code,390,39,8,Yes,
285,DNS Security,https://www.fortinet.com/resources/cyberglossary/dns-security,1300,39,8,Yes,
286,Healthcare Data Security,https://www.fortinet.com/resources/cyberglossary/healthcare-data-security,590,20,1,Yes,
287,Data Center Security,https://www.fortinet.com/resources/cyberglossary/data-center-security,2400,36,1,Yes,
288,Cybersecurity Mesh,https://www.fortinet.com/resources/cyberglossary/what-is-cybersecurity-mesh,210,34,1,Yes,
289,Hacking,https://www.fortinet.com/resources/cyberglossary/what-is-hacking,18100,54,1,Yes,
290,How Does A VPN Work,https://www.fortinet.com/resources/cyberglossary/how-does-vpn-work,5400,64,1,No,
291,Cia Triad,https://www.fortinet.com/resources/cyberglossary/cia-triad,9900,46,1,Yes,
292,Security-As-A-Service,https://www.fortinet.com/resources/cyberglossary/security-as-a-service,50,23,1,Yes,
293,Compliance Automation,https://www.fortinet.com/resources/cyberglossary/compliance-automation,1000,31,1,No,
294,Data Deduplication,https://www.fortinet.com/resources/cyberglossary/data-deduplication,480,43,9,No,
295,Tcp Ip Model Vs Osi Model,https://www.fortinet.com/resources/cyberglossary/tcp-ip-model-vs-osi-model,880,23,1,No,
296,TAIlgating Attack,https://www.fortinet.com/resources/cyberglossary/tailgating-attack,1600,35,1,Yes,
297,Data Security,https://www.fortinet.com/resources/cyberglossary/data-security,9900,70,6,Yes,
298,Phishing EmAIl Analysis,https://www.fortinet.com/resources/cyberglossary/phishing-email-analysis,50,25,1,Yes,
299,Data Exfiltration,https://www.fortinet.com/resources/cyberglossary/data-exfiltration,1300,20,1,No,
300,Pgp Encryption,https://www.fortinet.com/resources/cyberglossary/pgp-encryption,3600,57,5,No,
301,Unified Threat Management,https://www.fortinet.com/resources/cyberglossary/unified-threat-management,4400,32,1,Yes,
302,Url Phishing,https://www.fortinet.com/resources/cyberglossary/url-phishing,210,57,1,No,
303,It Security Policy,https://www.fortinet.com/resources/cyberglossary/it-security-policy,720,41,1,Yes,
304,DNS Hijacking,https://www.fortinet.com/resources/cyberglossary/dns-hijacking,720,40,7,No,
305,Dos Vs Ddos,https://www.fortinet.com/resources/cyberglossary/dos-vs-ddos,880,20,1,Yes,
306,Whaling Attack,https://www.fortinet.com/resources/cyberglossary/whaling-attack,1300,22,6,No,
307,Botnet,https://www.fortinet.com/resources/cyberglossary/what-is-botnet,6600,60,5,No,
308,Port Scan,https://www.fortinet.com/resources/cyberglossary/what-is-port-scan,2400,68,8,No,
309,Digital Certificates,https://www.fortinet.com/resources/cyberglossary/digital-certificates,1000,50,1,Yes,
310,Eavesdropping Attack,https://www.fortinet.com/resources/cyberglossary/eavesdropping,70,26,1,Yes,
311,Border Gateway Protocol,https://www.fortinet.com/resources/cyberglossary/bgp-border-gateway-protocol,2400,40,4,Yes,
312,SSPM,https://www.fortinet.com/resources/cyberglossary/saas-security-posture-management,320,33,9,Yes,
313,Cyber Extortion,https://www.fortinet.com/resources/cyberglossary/cyber-extortion,590,25,1,Yes,
314,Devops Security,https://www.fortinet.com/resources/cyberglossary/devops-security,1300,41,3,Yes,
315,Confidential Computing,https://www.fortinet.com/resources/cyberglossary/confidential-computing,880,66,5,No,
316,Scareware,https://www.fortinet.com/resources/cyberglossary/scareware,2400,44,8,Yes,
317,Trojan Horse Virus,https://www.fortinet.com/resources/cyberglossary/trojan-horse-virus,2900,62,1,Yes,
318,Canary In Cybersecurity,https://www.fortinet.com/resources/cyberglossary/what-is-canary-in-cybersecurity,40,35,1,Yes,
319,EmAIl Security,https://www.fortinet.com/resources/cyberglossary/email-security,5400,50,8,No,
320,cybersecurity tools for small business,https://www.fortinet.com/resources/cyberglossary/smb-cybersecurity-tools,10,50,3,No,
321,Ransomware Settlement,https://www.fortinet.com/resources/cyberglossary/recent-ransomware-settlements,40,43,10,No,
322,Fileless Malware,https://www.fortinet.com/resources/cyberglossary/fileless-malware,1000,39,7,Yes,
323,Keyloggers,https://www.fortinet.com/resources/cyberglossary/what-is-keyloggers,1900,53,1,No,
324,Microsegmentation,https://www.fortinet.com/resources/cyberglossary/microsegmentation,1900,50,5,No,
325,Cybersquatting,https://www.fortinet.com/resources/cyberglossary/cybersquatting,1000,46,12,No,
326,What Is Firmware,https://www.fortinet.com/resources/cyberglossary/what-is-firmware,9900,47,14,Yes,
327,User Datagram Protocol,https://www.fortinet.com/resources/cyberglossary/user-datagram-protocol-udp,8100,64,8,Yes,
328,Certificate Management,https://www.fortinet.com/resources/cyberglossary/certificate-management,720,28,3,Yes,
329,what is Url Filtering,https://www.fortinet.com/resources/cyberglossary/what-is-url-filtering,1000,35,5,No,
330,Diy Vs Managed SD WAN,https://www.fortinet.com/resources/cyberglossary/diy-vs-managed-sd-wan,70,7,1,Yes,
331,Qos,https://www.fortinet.com/resources/cyberglossary/qos-quality-of-service,9900,50,3,No,
332,Branch Networking,https://www.fortinet.com/resources/cyberglossary/what-is-branch-networking,50,24,3,No,
333,MPLs,https://www.fortinet.com/resources/cyberglossary/mpls,18100,50,10,No,
334,FAIlover,https://www.fortinet.com/resources/cyberglossary/failover,1600,44,3,No,
335,Lateral Movement,https://www.fortinet.com/resources/cyberglossary/lateral-movement,5400,45,8,No,
336,Site To Site VPN,https://www.fortinet.com/resources/cyberglossary/what-is-site-to-site-vpn,6600,66,12,No,
337,Ransomware Removal,https://www.fortinet.com/resources/cyberglossary/ransomware-removal,880,60,1,Yes,
338,Endpoint Security For Mobile Devices,https://www.fortinet.com/resources/cyberglossary/endpoint-security-for-mobile-devices,20,14,1,No,
339,Shift Left Security,https://www.fortinet.com/resources/cyberglossary/shift-left-security,880,39,1,Yes,
340,What Is An Ip Address,https://www.fortinet.com/resources/cyberglossary/what-is-ip-address,135000,57,1,Yes,
341,Spam Filtering,https://www.fortinet.com/resources/cyberglossary/spam-filters,590,45,1,Yes,
342,IOT Device Vulnerabilities,https://www.fortinet.com/resources/cyberglossary/iot-device-vulnerabilities,70,31,1,Yes,
343,Ddos Mitigation,https://www.fortinet.com/resources/cyberglossary/implement-ddos-mitigation-strategy,90,33,10,No,
344,what is time to live,https://www.fortinet.com/resources/cyberglossary/what-is-ttl,8100,63,11,No,
345,Malware Vs Virus Vs Worm,https://www.fortinet.com/resources/cyberglossary/malware-vs-virus-vs-worm,20,30,1,No,
346,Login Credentials,https://www.fortinet.com/resources/cyberglossary/login-credentials,1300,35,1,Yes,
347,Ransomware Jargon,https://www.fortinet.com/resources/cyberglossary/definitions-of-jargon-ransomware,10,39,1,No,
348,Pretexting,https://www.fortinet.com/resources/cyberglossary/pretexting,4400,43,2,No,
349,Ics Security,https://www.fortinet.com/resources/cyberglossary/ics-security,1600,63,6,No,
350,Fortinet Doj,https://www.fortinet.com/resources/cyberglossary/definitions-of-jargon,20,22,7,No,
351,Wireless Network,https://www.fortinet.com/resources/cyberglossary/wireless-network,2400,43,2,Yes,
352,What Is DNS,https://www.fortinet.com/resources/cyberglossary/what-is-dns,18100,59,1,Yes,
353,What Is Https,https://www.fortinet.com/resources/cyberglossary/what-is-https,2900,54,27,No,
354,Ransomware As A Service,https://www.fortinet.com/resources/cyberglossary/ransomware-as-a-service-raas,720,47,1,Yes,
355,Tcp/Ip,https://www.fortinet.com/resources/cyberglossary/tcp-ip,8100,66,3,No,
356,What Is An Insider Threat,https://www.fortinet.com/resources/cyberglossary/insider-threats,4400,48,5,Yes,
357,Static Vs Dynamic Ip Address,https://www.fortinet.com/resources/cyberglossary/static-vs-dynamic-ip,1300,36,1,Yes,
358,Smurf Attack,https://www.fortinet.com/resources/cyberglossary/smurf-attack,1600,41,22,No,
359,Cybersecurity TIPS For Small Businesses,https://www.fortinet.com/resources/cyberglossary/10-cybersecurity-tips-small-business,390,58,4,No,
360,data loss prevention,https://www.fortinet.com/resources/cyberglossary/dlp,1900,48,15,No,
361,network access control,https://www.fortinet.com/resources/cyberglossary/what-is-network-access-control,390,39,5,No,
362,Dark Web Monitoring,https://www.fortinet.com/resources/cyberglossary/dark-web-monitoring,590,41,2,No,
363,Caching,https://www.fortinet.com/resources/cyberglossary/what-is-caching,8100,74,28,No,
364,What Is Spyware,https://www.fortinet.com/resources/cyberglossary/spyware,2900,63,38,Yes,
365,Code Scanning,https://www.fortinet.com/resources/cyberglossary/code-scanning,720,52,38,No,
366,Cybersecurity Statistics,https://www.fortinet.com/resources/cyberglossary/cybersecurity-statistics,590,61,13,Yes,
367,Pharming,https://www.fortinet.com/resources/cyberglossary/pharming,3600,56,8,No,
368,What Is An Exploit,https://www.fortinet.com/resources/cyberglossary/exploit,480,38,4,No,
369,Vulnerability Assessment,https://www.fortinet.com/resources/cyberglossary/vulnerability-assessment,9900,47,1,No,
370,What Is A Bot,https://www.fortinet.com/resources/cyberglossary/bot,8100,47,4,No,
371,Ddos Protection,https://www.fortinet.com/resources/cyberglossary/ddos-protection,2900,72,3,Yes,
372,What Is Openstack,https://www.fortinet.com/resources/cyberglossary/openstack,480,54,21,No,
373,Hybrid It,https://www.fortinet.com/resources/cyberglossary/hybrid-it,720,31,5,Yes,
374,Krack Attack,https://www.fortinet.com/resources/cyberglossary/krack-attack,170,28,3,No,
375,Thin Client,https://www.fortinet.com/resources/cyberglossary/thin-client,4400,49,10,Yes,
376,Ciam,https://www.fortinet.com/resources/cyberglossary/what-is-ciam,3600,55,4,No,
377,Spear Phishing,https://www.fortinet.com/resources/cyberglossary/spear-phishing,12100,51,2,No,
378,Advanced Threat Protection,https://www.fortinet.com/resources/cyberglossary/advanced-threat-protection-atp,1600,33,1,Yes,
379,Network As A Service,https://www.fortinet.com/resources/cyberglossary/network-as-a-service,1600,10,5,No,
380,Managed Detection And Response,https://www.fortinet.com/resources/cyberglossary/managed-detection-and-response,3600,49,9,No,
381,What Is Sso?,https://www.fortinet.com/resources/cyberglossary/single-sign-on,5400,61,8,No,
382,what is internet security,https://www.fortinet.com/resources/cyberglossary/internet-security,2900,43,2,No,
383,Wireless Security TIPS,https://www.fortinet.com/resources/cyberglossary/wireless-security-tips,20,46,1,No,
384,What Is Pci Compliance,https://www.fortinet.com/resources/cyberglossary/what-is-pci-compliance,4400,44,9,No,
385,Sql Injection,https://www.fortinet.com/resources/cyberglossary/sql-injection,9900,74,6,Yes,
386,Sextortion,https://www.fortinet.com/resources/cyberglossary/sextortion,12100,76,8,No,
387,Web Scraping,https://www.fortinet.com/resources/cyberglossary/web-scraping,1830000,64,2,Yes,
388,Network Monitoring,https://www.fortinet.com/resources/cyberglossary/network-monitoring,3600,52,10,No,
389,Pki,https://www.fortinet.com/resources/cyberglossary/public-key-infrastructure,22200,78,4,No,
390,Paas,https://www.fortinet.com/resources/cyberglossary/platform-as-a-service,14800,71,3,No,
391,Mobile Device Management,https://www.fortinet.com/resources/cyberglossary/mobile-device-management,6600,64,7,No,
392,How To Prevent Ransomware,https://www.fortinet.com/resources/cyberglossary/how-to-prevent-ransomware,1300,54,4,No,
393,Remote Desktop Protocol,https://www.fortinet.com/resources/cyberglossary/remote-desktop-protocol,2900,49,17,No,
394,Cyber Glossary,https://www.fortinet.com/resources/cyberglossary,20,42,9,No,
395,Solarwinds Cyber Attack,https://www.fortinet.com/resources/cyberglossary/solarwinds-cyber-attack,390,61,1,Yes,
396,Identity Theft,https://www.fortinet.com/resources/cyberglossary/identity-theft,22200,89,3,No,
397,Sarbanes-Oxley Act,https://www.fortinet.com/resources/cyberglossary/sox-sarbanes-oxley-act,6600,65,17,No,
398,SSL Certificate,https://www.fortinet.com/resources/cyberglossary/ssl-certificate,14800,95,32,No,
399,Data Classification,https://www.fortinet.com/resources/cyberglossary/data-classification,2400,42,12,No,
400,what is soar,https://www.fortinet.com/resources/cyberglossary/what-is-soar,9900,45,4,No,
401,what is Mobile Security,https://www.fortinet.com/resources/cyberglossary/mobile-security,2900,61,2,Yes,
402,Devsecops,https://www.fortinet.com/resources/cyberglossary/devsecops,9900,59,8,No,
403,Dynamic DNS,https://www.fortinet.com/resources/cyberglossary/dynamic-dns,3600,57,7,No,
404, Infrastructure As Code,https://www.fortinet.com/resources/cyberglossary/infrastructure-as-code,880,52,9,No,
405,What Is A Cyber Attack?,https://www.fortinet.com/resources/cyberglossary/what-is-cyber-attack,2900,61,6,No,
406,Multi-Factor Authentication,https://www.fortinet.com/resources/cyberglossary/multi-factor-authentication,6600,75,4,No,
407,Account Takeover,https://www.fortinet.com/resources/cyberglossary/account-takeover,1900,38,19,Yes,
408,Colocation Data Center,https://www.fortinet.com/resources/cyberglossary/colocation-data-center,3600,44,1,No,
409,Cyber Espionage,https://www.fortinet.com/resources/cyberglossary/cyber-espionage,880,40,7,No,
410,Deception Technology,https://www.fortinet.com/resources/cyberglossary/what-is-deception-technology,390,25,1,Yes,
411,Deep Packet Inspection,https://www.fortinet.com/resources/cyberglossary/dpi-deep-packet-inspection,1600,50,1,Yes,
412,Network Automation,https://www.fortinet.com/resources/cyberglossary/network-automation,1900,41,3,No,
413,DNS Leak,https://www.fortinet.com/resources/cyberglossary/dns-leak,8100,69,6,No,
414,Swatting,https://www.fortinet.com/resources/cyberglossary/swatting,18100,62,11,Yes,
415,What Is A Honeypot,https://www.fortinet.com/resources/cyberglossary/what-is-honeypot,3600,57,12,No,
416,What Is A Data Breach,https://www.fortinet.com/resources/cyberglossary/data-breach,6600,52,4,Yes,
417,What Is Remote Access,https://www.fortinet.com/resources/cyberglossary/remote-access,210,35,1,Yes,
418,Incident Response,https://www.fortinet.com/resources/cyberglossary/incident-response,590,45,11,No,
419,cyber warfare,https://www.fortinet.com/resources/cyberglossary/most-notorious-attacks-in-the-history-of-cyber-warfare,2400,54,10,No,
420,remote work cyber security risks,https://www.fortinet.com/resources/cyberglossary/work-from-home-cybersecurity-risks,40,40,1,No,
421,What Is Deepfake,https://www.fortinet.com/resources/cyberglossary/deepfake,2400,72,46,No,
422,Critical Infrastructure Protection,https://www.fortinet.com/resources/cyberglossary/critical-infrastructure-protection,4400,46,9,Yes,
423,Watering Hole Attack,https://www.fortinet.com/resources/cyberglossary/watering-hole-attack,1900,49,3,No,
424,Rootkit,https://www.fortinet.com/resources/cyberglossary/rootkit,5400,51,12,No,
425,Oidc,https://www.fortinet.com/resources/cyberglossary/oidc,9900,55,68,No,
426,Intrusion Detection System,https://www.fortinet.com/resources/cyberglossary/intrusion-detection-system,5400,57,9,No,
427,Heuristic Analysis,https://www.fortinet.com/resources/cyberglossary/heuristic-analysis,720,44,3,No,
428,Serverless Computing,https://www.fortinet.com/resources/cyberglossary/serverless-computing,4400,71,9,No,
429,Hacktivism,https://www.fortinet.com/resources/cyberglossary/what-is-hacktivism,1900,49,11,No,
430,Types Of Phishing Attacks,https://www.fortinet.com/resources/cyberglossary/types-of-phishing-attacks,1000,44,3,No,
431,Election Security,https://www.fortinet.com/resources/cyberglossary/election-security,880,57,12,No,
432,Arp,https://www.fortinet.com/resources/cyberglossary/what-is-arp,90500,63,4,Yes,
433,Supply ChAIn Attacks,https://www.fortinet.com/resources/cyberglossary/supply-chain-attacks,720,52,6,No,
434,EmailSecurity Best Practices,https://www.fortinet.com/resources/cyberglossary/email-security-best-practices,590,15,1,No,
435,white hat hacking,https://www.fortinet.com/resources/cyberglossary/whitehat-security,4400,48,10,No,
436,What Is Ddos Attack,https://www.fortinet.com/resources/cyberglossary/ddos-attack,2900,73,14,Yes,
437,Recent Cyber Attacks,https://www.fortinet.com/resources/cyberglossary/recent-cyber-attacks,3600,61,28,No,
438,Remote Access VPN,https://www.fortinet.com/resources/cyberglossary/remote-access-vpn,5400,60,11,Yes,
439,Fisma,https://www.fortinet.com/resources/cyberglossary/fisma-and-fisma-compliance,6600,57,1,No,
440,How To Detect Keylogger,https://www.fortinet.com/resources/cyberglossary/how-to-detect-keylogger-on-phone,320,39,23,No,
441,Network Segmentation,https://www.fortinet.com/resources/cyberglossary/network-segmentation,2900,45,3,Yes,
442,Intrusion Prevention System,https://www.fortinet.com/resources/cyberglossary/what-is-an-ips,9900,65,3,No,
443,SIEM,https://www.fortinet.com/resources/cyberglossary/what-is-siem,2900,58,10,No,
444,XDR,https://www.fortinet.com/resources/cyberglossary/what-is-XDR,6600,58,9,No,
445,VPN Routers,https://www.fortinet.com/resources/cyberglossary/vpn-routers,480,36,9,Yes,
446,Clickjacking,https://www.fortinet.com/resources/cyberglossary/clickjacking,1600,48,15,No,
447,Bring Your Own Device,https://www.fortinet.com/resources/cyberglossary/byod,2400,59,26,No,
448,Cross Site Scripting,https://www.fortinet.com/resources/cyberglossary/cross-site-scripting,5400,71,27,Yes,
449,Fast Flux Networks,https://www.fortinet.com/resources/cyberglossary/fast-flux-networks,20,50,12,No,
450,Phishing,https://www.fortinet.com/resources/cyberglossary/phishing,49500,98,35,No,
451,Malware,https://www.fortinet.com/resources/cyberglossary/malware,40500,84,10,No,
452,Unified Endpoint Management,https://www.fortinet.com/resources/cyberglossary/unified-endpoint-management-uem,1300,43,3,Yes,
453,Man In The Middle Attack,https://www.fortinet.com/resources/cyberglossary/man-in-the-middle-attack,5400,71,25,No,
454,Cyber Insurance,https://www.fortinet.com/resources/cyberglossary/cyber-insurance,9900,61,2,Yes,
455,Bloatware,https://www.fortinet.com/resources/cyberglossary/bloatware,4400,51,30,Yes,
456,What Is Two Factor Authentication,https://www.fortinet.com/resources/cyberglossary/two-factor-authentication,6600,72,4,No,
457,Black Hat Security,https://www.fortinet.com/resources/cyberglossary/black-hat-security,110,52,9,No,
458,DHCP,https://www.fortinet.com/resources/cyberglossary/dynamic-host-configuration-protocol-dhcp,8100,47,9,No,
459,Machine Learning,https://www.fortinet.com/resources/cyberglossary/what-is-machine-learning,60500,93,1,No,
460,Cyber Threat Intelligence,https://www.fortinet.com/resources/cyberglossary/cyber-threat-intelligence,3600,52,3,No,
461,What Is A Qr Code,https://www.fortinet.com/resources/cyberglossary/what-is-a-qr-code,5400,48,3,Yes,
462,Simple Network Management Protocol,https://www.fortinet.com/resources/cyberglossary/simple-network-management-protocol,4400,38,3,No,
463,Federated Identity,https://www.fortinet.com/resources/cyberglossary/federated-identity,880,49,14,No,
464,Ransomware,https://www.fortinet.com/resources/cyberglossary/ransomware,33100,84,10,Yes,
465,SOC,https://www.fortinet.com/resources/cyberglossary/what-is-soc,40500,73,4,No,
466,Wannacry,https://www.fortinet.com/resources/cyberglossary/wannacry-ransomware-attack,4400,68,6,No,
467,Ci/Cd Pipelines,https://www.fortinet.com/resources/cyberglossary/ci-cd-pipeline,3600,57,12,No,
468,How To Pick A Wifi Router,https://www.fortinet.com/resources/cyberglossary/how-to-pick-a-work-from-home-wi-fi-router,90,38,15,No,
469,Mitre Att&Ck,https://www.fortinet.com/resources/cyberglossary/mitre-attck,5400,56,25,No,
470,What Is 5G?,https://www.fortinet.com/resources/cyberglossary/what-is-5g,135000,68,15,No,
471,Virtual Desktop Infrastructure,https://www.fortinet.com/resources/cyberglossary/virtual-desktop-infrastructure-vdi,1900,40,2,No,
472,What Is A VPN,https://www.fortinet.com/resources/cyberglossary/what-is-a-vpn,165000,81,26,No,
473,Fabric Of Security,https://www.fortinet.com/resources/cyberglossary/fabric-of-security,40,31,1,No,
474,network detection and response,https://www.fortinet.com/resources/cyberglossary/what-is-ndr,1300,33,5,Yes,
475,Cyber Physical Systems,https://www.fortinet.com/resources/cyberglossary/cyber-physical-systems,1300,50,5,Yes,
476,Purdue Model,https://www.fortinet.com/resources/cyberglossary/purdue-model,70,34,30,No,
477,What Is AIr Gap,https://www.fortinet.com/resources/cyberglossary/what-is-air-gap,210,50,16,No,
478,Malware Protection,https://www.fortinet.com/resources/cyberglossary/malware-protection,1830000,62,13,No,
479,Browser Security,https://www.fortinet.com/resources/cyberglossary/browser-security,1000,50,8,No,
480,Types Of Malware,https://www.fortinet.com/resources/cyberglossary/types-of-malware,2900,43,16,No,
481,Identity As A Service,https://www.fortinet.com/resources/cyberglossary/identity-as-a-service,880,26,8,No,
482,DFIR,https://www.fortinet.com/resources/cyberglossary/dfir,2900,41,12,No,
483,Application Performance Monitoring,https://www.fortinet.com/resources/cyberglossary/application-performance-monitoring,6600,54,8,No,
484,SOC 1 Compliance,https://www.fortinet.com/resources/cyberglossary/soc1-compliance,590,21,1,Yes,
485,Security Audit,https://www.fortinet.com/resources/cyberglossary/security-audit,1300,36,60,Yes,
486,Web Application Security,https://www.fortinet.com/resources/cyberglossary/web-application-security,1900,35,9,No,
487,Server Virtualization,https://www.fortinet.com/resources/cyberglossary/server-virtualization,1600,37,2,No,
488,Vulnerability Assessment Tools,https://www.fortinet.com/resources/cyberglossary/vulnerability-assessment-tools,1300,42,10,No,
489,Neural Networks,https://www.fortinet.com/resources/cyberglossary/neural-network,9900,91,88,No,
490,shor's algorithm,https://www.fortinet.com/resources/cyberglossary/shors-grovers-algorithms,3600,67,2,No,
491,Dark Web Vs Deep Web,https://www.fortinet.com/resources/cyberglossary/dark-vs-deep-web,1000,33,5,No,
492,Signs Of Malware,https://www.fortinet.com/resources/cyberglossary/signs-of-malware,260,41,1,No,
493,Vulnerability Management,https://www.fortinet.com/resources/cyberglossary/vulnerability-management,5400,48,9,No,
494,Vulnerability Disclosure,https://www.fortinet.com/resources/cyberglossary/vulnerability-disclosure,140,28,8,Yes,
495,Virtual Patching,https://www.fortinet.com/resources/cyberglossary/virtual-patching,260,31,6,Yes,
496,Nerc Cip,https://www.fortinet.com/resources/cyberglossary/nerc-cip,5400,27,9,Yes,
497,cyber security platform,https://www.fortinet.com/resources/cyberglossary/cyber-security-platform,1000,57,3,Yes,
498,Compensating Controls,https://www.fortinet.com/resources/cyberglossary/compensating-controls,720,22,5,Yes,
499,Darkside Ransomware,https://www.fortinet.com/resources/cyberglossary/darkside-ransomware,260,35,16,No,
500,Rugged Hardware,https://www.fortinet.com/resources/cyberglossary/rugged-hardware,50,24,17,No,
501,identity based attacks,https://www.fortinet.com/resources/cyberglossary/identity-based-attacks,110,25,5,No,
502,Enterprise VPN Solutions,https://www.fortinet.com/resources/cyberglossary/enterprise-vpn-solutions,390,50,10,No,
503,WAF OWASP Top 10,https://www.fortinet.com/resources/cyberglossary/owasp-web-application-firewall,110,58,12,No,
504,Virtual Machine,https://www.fortinet.com/resources/cyberglossary/virtual-machines,40500,69,47,No,
505,Agent Vs Agentless Security,https://www.fortinet.com/resources/cyberglossary/agent-vs-agentless-security,90,8,11,No,
506,Behavioral Analytics,https://www.fortinet.com/resources/cyberglossary/behavioral-analytics,1000,41,11,No,
507,ci/cd,https://www.fortinet.com/resources/cyberglossary/ci-cd,9900,63,13,No,
508,Cspm Vs DSPM,https://www.fortinet.com/resources/cyberglossary/cspm-vs-dspm,320,14,5,No,
509,Ctem,https://www.fortinet.com/resources/cyberglossary/ctem,1600,29,18,No,
510,Data Discovery,https://www.fortinet.com/resources/cyberglossary/data-discovery,1900,30,2,No,
511,Data Matching,https://www.fortinet.com/resources/cyberglossary/data-matching,1300,15,2,No,
512,Data Protection,https://www.fortinet.com/resources/cyberglossary/data-protection,6600,50,3,No,
513,Dcap,https://www.fortinet.com/resources/cyberglossary/dcap,3600,41,20,No,
514,Device Control,https://www.fortinet.com/resources/cyberglossary/device-control,720,30,44,No,
515,Digital Operational Resilience Act,https://www.fortinet.com/resources/cyberglossary/digital-operational-resilience-act-dora,140,51,17,No,
516,DLP Monitoring,https://www.fortinet.com/resources/cyberglossary/dlp-monitoring,110,27,1,No,
517,DLP Policy,https://www.fortinet.com/resources/cyberglossary/dlp-policy,720,21,7,No,
518,dlp as a service,https://www.fortinet.com/resources/cyberglossary/dlpaas-and-dlp-as-a-managed-service,50,39,1,No,
519,File Sharing Security,https://www.fortinet.com/resources/cyberglossary/file-sharing-security,40,25,1,No,
520,Gdpr,https://www.fortinet.com/resources/cyberglossary/gdpr,49500,100,2,No,
521,Hipaa Compliance,https://www.fortinet.com/resources/cyberglossary/hipaa-compliance,22200,76,15,No,
522,Identity Risk,https://www.fortinet.com/resources/cyberglossary/identity-risk-prioritization,170,16,10,No,
523,living off the land attack,https://www.fortinet.com/resources/cyberglossary/living-off-the-land-lotl,320,37,24,No,
524,national vulnerability database,https://www.fortinet.com/resources/cyberglossary/national-vulnerability-database-nvd,590,25,5,No,
525,Network DLP,https://www.fortinet.com/resources/cyberglossary/network-dlp,320,23,1,Yes,
526,Private 5G Warehousing,https://www.fortinet.com/resources/cyberglossary/private-5g-warehousing,0,6,1,No,
527,SAAS Security,https://www.fortinet.com/resources/cyberglossary/saas-security,1600,40,4,No,
528,Secret Management,https://www.fortinet.com/resources/cyberglossary/secret-management,590,39,27,No,
529,Security Misconfiguration,https://www.fortinet.com/resources/cyberglossary/security-misconfiguration,720,30,8,Yes,
530,Software Defined Perimeter,https://www.fortinet.com/resources/cyberglossary/what-is-a-software-defined-perimeter,590,27,6,No,
531,Threat Detection And Response,https://www.fortinet.com/resources/cyberglossary/threat-detection-and-response,1300,31,13,No,
532,remote code execution,https://www.fortinet.com/resources/cyberglossary/remote-code-execution,4400,84,2,Yes,
533,Data Poisoning,https://www.fortinet.com/resources/cyberglossary/data-poisoning,590,39,30,No,
534,Data Privacy,https://www.fortinet.com/resources/cyberglossary/data-privacy,6600,88,-,No,
535,Cloud Migration,https://www.fortinet.com/resources/cyberglossary/cloud-migration,480,40,69,No,
536,cloud workload security,https://www.fortinet.com/resources/cyberglossary/cloud-workload-security,480,23,10,No,
537,rise of cybersecurity mesh,https://www.fortinet.com/resources/cyberglossary/rise-of-cybersecurity-mesh,170,27,1,No,
538,SAML,https://www.fortinet.com/resources/cyberglossary/saml,18100,66,21,No,
539,NGFW vs UTM,https://www.fortinet.com/resources/cyberglossary/ngfw-vs-utm,170,7,1,Yes,
540,Cybersecurity Trends,https://www.fortinet.com/resources/cyberglossary/cybersecurity-trends-2026,1300,58,2,Yes,
541,Cybersecurity Best Practices,https://www.fortinet.com/resources/cyberglossary/cybersecurity-best-practices,40500,67,12,No,
542,MLSecops,https://www.fortinet.com/resources/cyberglossary/what-is-mlsecops,100,9,-,No,
543,Quantum Cryptanalysis,https://www.fortinet.com/resources/cyberglossary/quantum-cryptanalysis,20,30,4,No,
544,Cybersecurity Risks,https://www.fortinet.com/resources/cyberglossary/cybersecurity-risk,590,54,18,No,
545,Quantum Cryptography,https://www.fortinet.com/resources/cyberglossary/quantum-cryptography,18100,70,13,No,
546,red teaming,https://www.fortinet.com/resources/cyberglossary/red-teaming,6600,60,17,No,
547,Prompt Injection Attack,https://www.fortinet.com/resources/cyberglossary/prompt-injection,1000,75,24,No,
548,ai risk management,https://www.fortinet.com/resources/cyberglossary/ai-risk-management,2800,59,-,No,