Source - Semrush,Color Format Top to Bottom,1,,,,,,,,,,,,,,,,,,,,,,,,,,,,,,,,,,,,,,,,,
Timeline - As on Date,,2,,,,,,,,,,,,,,,,,,,,,,,,,,,,,,,,,,,,,,,,,
Frequency - Weekly,,3,,,,,,,,,,,,,,,,,,,,,,,,,,,,,,,,,,,,,,,,,
Least performer,,4,,,,,,,,,,,,,,,,,,,,,,,,,,,,,,,,,,,,,,,,,
Top performer,,5,,,,,,,,,,,,,,,,,,,,,,,,,,,,,,,,,,,,,,,,,
,,6,,,,,,,,,,,,,,,,,,,,,,,,,,,,,,,,,,,,,,,,,
,,7,,,,,,,,,,,,,,,,,,,,,,,,,,,,,,,,,,,,,,,,,
,,8,,,,,,,,,,,,,,,,,,,,,,,,,,,,,,,,,,,,,,,,,
,,9,,,,,,,,,,,,,,,,,,,,,,,,,,,,,,,,,,,,,,,,,
AI Overview Keywords,,"Baseline 
Dec'25","Wk 1
(Jan 05)","Wk 2
(Jan 12)","Wk 3
(Jan 19)","Wk 4
(Jan 26)","Wk 5
(Feb 02)","Wk 6
(Feb 09)","Wk 7
(Feb 16)","Wk 8
(Feb 23)","Wk 9
(Mar 02)","Wk 10
(Mar 09)","Wk 11
(Mar 16)","Wk 12
(Mar 23)","Wk 13
(Mar 30)","Wk 14
(Apr 06)","Wk 15
(Apr 13)","Wk 16
(Apr 20)","Wk 17
(Apr 27)","Wk 18
(May 04)","Wk 19
(May 11)","Wk 20
(May 18)","Wk 21
(May 25)","Wk 22
(Jun 01)","Wk 23
(Jun 08)","Wk 24
(Jun 15)","Wk 25
(Jun 22)","Wk 26
(Jun 29)","Wk 27
(Jul 06)","Wk 28
(Jul 13)","Wk 29
(Jul 20)","Wk 30
(Jul 27)","Wk 31
(Aug 03)","Wk 32
(Aug 10)","Wk 33
(Aug 17)","Wk 34
(Aug 24)","Wk 35
(Aug 31)","Wk 36
(Sep 07)","Wk 37
(Sep 14)","Wk 38
(Sep 21)",% Weekly Growth,% Over all Growth,Trend
Fortinet,fortinet.com/,13.5K,14.4K,15.2K,15.7K,16.6K,16.4K,16.0K,16.0K,16.4K,16.5K,16.7K,17.0K,17.3K,18.3K,19.4K,20.9K,22.1K,23.1K,24.6K,25.7K,26.4K,25.9K,25.7K,25.3K,24.9K,24.5K,23.4K,22.9K,22.8K,22.9K,22.1K,21.2K,20.5K,20.1K,20.0K,19.4K,19.3K,19.9K,21.2K,6.69%,57.37%,
Cisco,cisco.com/,15.5K,16.5K,17.2K,17.5K,18.1K,17.9K,17.4K,17.3K,17.7K,18.2K,18.6K,19.6K,19.9K,20.7K,22.2K,23.8K,25.1K,26.3K,28.3K,29.3K,30.7K,30.9K,31.1K,31.4K,30.8K,29.8K,28.0K,27.2K,27.0K,27.8K,27.0K,26.4K,26.2K,26.3K,27.0K,27.4K,27.9K,29.1K,31.2K,7.52%,102.03%,
HPE,hpe.com/,5.0K,5.5K,5.8K,6.0K,6.2K,6.0K,5.7K,5.7K,5.8K,5.9K,6.0K,6.3K,6.6K,6.9K,7.1K,7.5K,7.4K,7.5K,7.7K,7.6K,7.6K,7.4K,7.1K,6.8K,6.8K,7.0K,7.1K,7.3K,7.4K,7.7K,7.9K,8.1K,8.3K,8.2K,8.1K,8.1K,8.3K,8.6K,8.9K,4.04%,78.25%,
Palo Alto,paloaltonetworks.com/,6.0K,6.4K,6.9K,7.1K,7.6K,7.5K,7.5K,7.5K,7.6K,7.9K,8.1K,8.5K,8.9K,9.3K,9.8K,10.5K,10.9K,11.3K,12.0K,12.4K,12.6K,12.6K,12.5K,12.5K,12.5K,12.5K,12.7K,12.9K,13.2K,13.5K,13.5K,13.1K,12.9K,12.9K,12.7K,12.2K,12.3K,12.6K,13.3K,5.28%,122.70%,
Check Point,checkpoint.com/,1.9K,1.9K,1.9K,1.8K,1.9K,1.8K,1.6K,1.6K,1.6K,1.6K,1.6K,1.8K,1.9K,2.2K,2.4K,2.6K,2.8K,2.9K,3.2K,3.3K,3.3K,3.1K,3.0K,2.8K,2.7K,2.6K,2.5K,2.4K,2.5K,2.6K,2.6K,2.6K,2.7K,2.7K,2.7K,2.7K,2.9K,2.9K,3.0K,2.66%,57.25%,
Crowdstrike,crowdstrike.com/,4.4K,4.6K,4.8K,4.9K,5.1K,5.1K,5.0K,5.0K,5.2K,5.3K,5.3K,5.5K,5.4K,5.5K,5.9K,6.5K,6.8K,7.1K,7.6K,8.0K,8.3K,8.5K,8.6K,8.6K,8.5K,8.5K,8.4K,8.2K,8.3K,8.4K,8.1K,7.7K,7.4K,7.2K,7.0K,6.8K,6.7K,6.8K,7.2K,6.74%,64.34%,
Cato Networks,catonetworks.com/,263,,,,,,,,308,315,352,381,418,521,563,591,601,597,673,691,678,630,599,594,582,574,555,550,576,606,616,588,605,578,578,577,579,574,578,0.70%,119.77%,
Sentinelone,sentinelone.com/,4.2K,,,,,,,,5.1K,5.5K,5.8K,6.5K,6.8K,7.4K,7.7K,8.2K,8.1K,8.1K,8.3K,8.1K,8.0K,7.6K,7.2K,7.2K,7.2K,7.5K,7.9K,8.4K,8.7K,9.3K,9.5K,9.1K,9.0K,8.5K,8.0K,7.5K,7.3K,7.3K,7.5K,2.10%,75.56%,
Wiz.io,Wiz.io,1.6K,,,,,,,,2.0K,2.2K,2.3K,2.5K,2.6K,2.8K,2.9K,3.1K,3.1K,2.9K,2.9K,2.7K,2.8K,2.6K,2.6K,2.5K,2.5K,2.6K,2.8K,2.9K,3.0K,3.1K,3.1K,3.1K,3.1K,3.1K,3.0K,2.9K,3.0K,2.9K,3.0K,0.99%,89.37%,
,,,,,,,,,,,,,,,,,,,,,,,,,,,,,,,,,,,,,,,,,,,
,,,,,,,,,,,,,,,,,,,,,,,,,,,,,,,,,,,,,,,,,,,
AI Overview Traffic,,"Baseline 
Dec'25","Wk 1
(Jan 05)","Wk 2
(Jan 12)","Wk 3
(Jan 19)","Wk 4
(Jan 26)","Wk 5
(Feb 02)","Wk 6
(Feb 09)","Wk 7
(Feb 16)","Wk 8
(Feb 23)","Wk 9
(Mar 02)","Wk 10
(Mar 09)","Wk 11
(Mar 16)","Wk 12
(Mar 23)","Wk 13
(Mar 30)","Wk 14
(Apr 06)","Wk 15
(Apr 13)","Wk 16
(Apr 20)","Wk 17
(Apr 27)","Wk 18
(May 04)","Wk 19
(May 11)","Wk 20
(May 18)","Wk 21
(May 25)","Wk 22
(Jun 01)","Wk 23
(Jun 08)","Wk 24
(Jun 15)","Wk 25
(Jun 22)","Wk 26
(Jun 29)","Wk 27
(Jul 06)","Wk 28
(Jul 13)","Wk 29
(Jul 20)","Wk 30
(Jul 27)","Wk 31
(Aug 03)","Wk 32
(Aug 10)","Wk 33
(Aug 17)","Wk 34
(Aug 24)","Wk 35
(Aug 31)","Wk 36
(Sep 07)","Wk 37
(Sep 14)","Wk 38
(Sep 21)",% Weekly Growth,% Over all Growth,Trend
Fortinet,fortinet.com/,274.7K,122.2K,139.2K,138.9K,104.0K,190.6K,221.0K,223.5K,314.3K,207.6K,202.9K,287.0K,198.2K,357.7K,409.2K,238.9K,215.3K,287.3K,335.8K,233.7K,224.3K,194.9K,185.3K,321.6K,299.3K,265.9K,216.3K,216.6K,347.2K,415.5K,116.0K,204.2K,197.1K,169.9K,216.6K,175.7K,184.3K,191.1K,199.0K,4.17%,-27.55%,
Cisco,cisco.com/,195.9K,200.6K,158.4K,154.3K,121.1K,97.0K,203.3K,183.8K,336.6K,260.9K,277.0K,181.5K,199.1K,359.7K,193.8K,255.2K,292.4K,285.6K,341.6K,303.3K,350.7K,281.6K,333.1K,363.2K,431.4K,173.1K,144.0K,226.4K,239.9K,308.1K,122.5K,376.7K,266.9K,239.4K,284.1K,308.0K,382.0K,227.2K,343.5K,51.18%,75.33%,
HPE,hpe.com/,42.5K,65.5K,40.5K,38.3K,30.2K,34.1K,36.5K,41.8K,52.6K,42.3K,39.9K,47.9K,49.9K,52.6K,56.2K,52.0K,43.7K,48.8K,42.8K,43.2K,40.8K,40.9K,32.2K,36.2K,35.1K,36.9K,35.9K,29.5K,33.5K,36.8K,29.9K,39.7K,48.1K,45.7K,42.1K,43.7K,48.7K,46.1K,40.9K,-11.28%,-3.75%,
Palo Alto,paloaltonetworks.com/,64.5K,85.3K,47.4K,50.1K,48.7K,49.2K,39.2K,36.3K,35.2K,50.3K,56.4K,114.9K,94.9K,106.4K,78.9K,98.9K,151.9K,98.0K,68.6K,137.2K,89.9K,84.2K,78.1K,101.9K,127.0K,97.2K,93.6K,116.3K,89.5K,79.1K,59.4K,82.1K,151.9K,166.4K,136.6K,124.2K,211.2K,267.9K,195.4K,-27.07%,202.76%,
Check Point,checkpoint.com/,9.8K,11.3K,10.6K,13.2K,14.4K,6.1K,7.3K,6.5K,12.6K,8.8K,10.6K,8.0K,11.0K,9.5K,13.5K,22.8K,12.0K,11.3K,12.6K,20.3K,13.5K,12.4K,10.3K,10.5K,11.8K,13.2K,10.8K,8.8K,9.8K,8.2K,6.4K,11.8K,11.6K,13.0K,19.4K,13.0K,14.2K,14.6K,18.8K,28.80%,92.05%,
Crowdstrike,crowdstrike.com/,56.8K,58.3K,32.6K,38.3K,22.2K,33.2K,45.7K,33.2K,71.8K,177.6K,175.7K,175.6K,44.1K,46.4K,54.7K,201.6K,96.5K,64.4K,140.9K,85.0K,62.7K,76.9K,40.9K,59.9K,68.4K,65.6K,69.5K,37.1K,76.5K,81.8K,29.9K,56.1K,74.4K,62.8K,60.7K,74.6K,79.7K,81.1K,64.3K,-20.80%,13.13%,
Cato Networks,catonetworks.com/,1.3K,,,,,,,,1.7K,1.5K,2.2K,2.7K,3.5K,2.7K,4.1K,3.5K,2.8K,2.8K,2.9K,2.7K,2.7K,2.3K,2.2K,2.4K,2.2K,1.9K,4.9K,6.9K,2.0K,2.1K,1.9K,3.5K,2.9K,2.2K,5.4K,2.1K,4.0K,3.6K,1.8K,-48.76%,37.33%,
Sentinelone,sentinelone.com/,22.7K,,,,,,,,25.1K,91.9K,33.2K,107.4K,39.0K,41.0K,43.4K,51.7K,34.2K,29.7K,31.1K,29.0K,24.2K,25.8K,35.1K,24.5K,25.3K,27.9K,28.5K,28.9K,45.2K,31.1K,23.5K,22.2K,22.0K,33.0K,23.8K,37.9K,31.5K,35.9K,23.3K,-35.11%,2.96%,
Wiz.io,Wiz.io,148.1K,,,,,,,,9.5K,11.5K,11.5K,10.6K,146.0K,161.4K,162.8K,95.1K,15.4K,13.4K,14.4K,14.9K,13.8K,12.9K,12.7K,12.3K,12.9K,40.5K,14.0K,10.3K,148.1K,15.2K,8.6K,10.7K,12.1K,12.4K,13.3K,21.0K,18.5K,14.9K,21.0K,41.12%,-85.81%,
,,,,,,,,,,,,,,,,,,,,,,,,,,,,,,,,,,,,,,,,,,,
,,,,,,,,,,,,,,,,,,,,,,,,,,,,,,,,,,,,,,,,,,,
% Traffic to KWs,,"Baseline 
Dec'25","Wk 1
(Jan 05)","Wk 2
(Jan 12)","Wk 3
(Jan 19)","Wk 4
(Jan 26)","Wk 5
(Feb 02)","Wk 6
(Feb 09)","Wk 7
(Feb 16)","Wk 8
(Feb 23)","Wk 9
(Mar 02)","Wk 10
(Mar 09)","Wk 11
(Mar 16)","Wk 12
(Mar 23)","Wk 13
(Mar 30)","Wk 14
(Apr 06)","Wk 15
(Apr 13)","Wk 16
(Apr 20)","Wk 17
(Apr 27)","Wk 18
(May 04)","Wk 19
(May 11)","Wk 20
(May 18)","Wk 21
(May 25)","Wk 22
(Jun 01)","Wk 23
(Jun 08)","Wk 24
(Jun 15)","Wk 25
(Jun 22)","Wk 26
(Jun 29)","Wk 27
(Jul 06)","Wk 28
(Jul 13)","Wk 29
(Jul 20)","Wk 30
(Jul 27)","Wk 31
(Aug 03)","Wk 32
(Aug 10)","Wk 33
(Aug 17)","Wk 34
(Aug 24)","Wk 35
(Aug 31)","Wk 36
(Sep 07)","Wk 37
(Sep 14)","Wk 38
(Sep 21)",Trend,,
Fortinet,fortinet.com/,20.4,8.5,9.1,8.8,6.3,11.6,13.8,14.0,19.2,12.6,12.2,16.9,11.4,19.5,21.1,11.4,9.8,12.4,13.6,9.1,8.5,7.5,7.2,12.7,12.0,10.9,9.2,9.5,15.2,18.1,5.3,9.7,9.6,8.5,10.8,9.1,9.5,9.6,9.4,,,
Cisco,cisco.com/,12.7,12.2,9.2,8.8,6.7,5.4,11.7,10.6,19.0,14.3,14.9,9.3,10.0,17.4,8.7,10.7,11.6,10.9,12.1,10.3,11.4,9.1,10.7,11.6,14.0,5.8,5.1,8.3,8.9,11.1,4.5,14.3,10.2,9.1,10.5,11.3,13.7,7.8,11.0,,,
HPE,hpe.com/,8.5,11.9,7.0,6.4,4.9,5.6,6.4,7.4,9.1,7.2,6.6,7.6,7.6,7.7,7.9,6.9,5.9,6.5,5.6,5.7,5.4,5.6,4.6,5.3,5.1,5.3,5.0,4.1,4.5,4.8,3.8,4.9,5.8,5.6,5.2,5.4,5.8,5.4,4.6,,,
Palo Alto,paloaltonetworks.com/,10.8,13.3,6.8,7.1,6.4,6.5,5.2,4.8,4.6,6.4,7.0,13.5,10.7,11.4,8.1,9.5,13.9,8.7,5.7,11.1,7.1,6.7,6.3,8.2,10.2,7.8,7.4,9.0,6.8,5.9,4.4,6.3,11.7,12.9,10.8,10.2,17.1,21.2,14.7,,,
Check Point,checkpoint.com/,5.1,5.9,5.7,7.1,7.7,3.5,4.5,4.1,8.1,5.6,6.7,4.5,5.7,4.4,5.7,8.8,4.3,3.9,3.9,6.2,4.1,4.0,3.4,3.7,4.4,5.0,4.3,3.6,4.0,3.1,2.4,4.5,4.3,4.8,7.2,4.7,5.0,5.0,6.3,,,
Crowdstrike,crowdstrike.com/,12.9,12.6,6.8,7.9,4.3,6.5,9.2,6.7,13.9,33.6,33.1,31.8,8.1,8.4,9.2,31.1,14.2,9.0,18.4,10.6,7.5,9.0,4.7,6.9,8.1,7.7,8.3,4.5,9.2,9.7,3.7,7.3,10.0,8.7,8.7,11.0,11.9,12.0,8.9,,,
Cato Networks,catonetworks.com/,5.1,,,,,,,,5.5,4.7,6.2,7.1,8.4,5.2,7.3,5.9,4.7,4.8,4.3,3.9,4.0,3.7,3.7,4.0,3.8,3.3,8.8,12.5,3.5,3.4,3.1,5.9,4.8,3.7,9.4,3.6,6.9,6.3,3.2,,,
Sentinelone,sentinelone.com/,5.3,,,,,,,,4.9,16.7,5.7,16.6,5.8,5.6,5.6,6.3,4.2,3.7,3.8,3.6,3.0,3.4,4.9,3.4,3.5,3.7,3.6,3.4,5.2,3.4,2.5,2.4,2.5,3.9,3.0,5.0,4.3,4.9,3.1,,,
Wiz.io,Wiz.io,94.8,,,,,,,,4.7,5.2,5.1,4.2,55.9,57.5,55.5,30.8,5.1,4.6,4.9,5.4,5.0,4.9,4.9,4.9,5.1,15.4,5.0,3.5,50.1,4.9,2.7,3.5,3.9,4.0,4.4,7.2,6.2,5.1,7.1,,,