,,,,,2026 Wk1,AIO,2026 Wk2,AIO,2026 Wk3,AIO,2026 Wk4,AIO,2026 Wk5,AIO,2026 Wk6,AIO,2026 Wk7,AIO,2026 Wk8,AIO,2026 Wk9,AIO,2026 Wk10,AIO,2026 Wk11,AIO,2026 Wk12,AIO,2026 Wk13,AIO,2026 Wk14,AIO,2026 Wk15,AIO,2026 Wk16,AIO,2026 Wk17,AIO,2026 Wk18,AIO,2026 Wk19,AIO,2026 Wk20,AIO,2026 Wk21,AIO,2026 Wk22,AIO,2026 Wk23,AIO,2026 Wk24,AIO,2026 Wk25,AIO,2026 Wk26,AIO,2026 Wk27,AIO,2026 Wk28,AIO,2026 Wk29,AIO,2026 Wk30,AIO,2026 Wk31,AIO,2026 Wk32,AIO,2026 Wk33,AIO,2026 Wk34,AIO,2026 Wk35,AIO,2026 Wk36,AIO Wk 36,2026 Wk37,AIO Wk 37,Trendline,Key Metrics,
,,,,,4,,4,,44,,44,,45,,45,,44,,44,,44,,46,,46,,61,,59,,59,,58,,54,,59,,58,,57,,56,,55,,57,,57,,54,,57,,58,,58,,58,,58,,57,,57,,57,,57,,58,,56,,56,,54,,,# of keywords on page 1,
,,,,,0,,0,,2,,2,,2,,1,,2,,2,,1,,0,,2,,2,,2,,1,,1,,5,,0,,2,,2,,2,,2,,1,,2,,1,,1,,2,,2,,2,,1,,1,,1,,1,,1,,1,,3,,3,,5,,,# of keywords on page 2,
,,,,,1,,0,,0,,1,,0,,0,,0,,1,,1,,0,,0,,0,,1,,1,,0,,0,,0,,0,,1,,2,,1,,1,,0,,0,,0,,0,,0,,0,,0,,1,,1,,1,,1,,0,,0,,0,,3,,,# of keywords on page 3,
,,,,,0,,1,,1,,0,,1,,1,,1,,0,,0,,1,,0,,2,,0,,0,,0,,0,,0,,0,,0,,0,,0,,0,,0,,0,,0,,0,,0,,0,,0,,0,,0,,0,,0,,0,,0,,0,,0,,,# of keywords on > page 3,
,,,,,4,,4,,24,,22,,21,,22,,23,,24,,30,,28,,30,,34,,35,,29,,30,,32,,32,,31,,31,,30,,28,,30,,26,,28,,24,,27,,27,,35,,30,,29,,28,,27,,21,,22,,20,,23,,24,,,# of keywords on position 1,
,,,,,0,,0,,4,,4,,3,,4,,4,,4,,5,,4,,16,,7,,10,,11,,13,,13,,14,,13,,13,,13,,15,,14,,14,,18,,15,,13,,13,,13,,14,,14,,14,,14,,14,,14,,14,,14,,11,,,# of keywords wihtout ranking,
,,,,,0,,1,,7,,7,,9,,9,,8,,10,,10,,10,,9,,9,,10,,10,,11,,12,,11,,11,,11,,11,,11,,11,,12,,13,,13,,10,,11,,12,,13,,13,,11,,9,,9,,10,,10,,10,,10,,,# of AIO keywords ranking,
,,,,,,,,,,,,,,,,,,,,,,,,,,,,,,,,,,,,,,,,,,,,,,,,,,,,,,,,,,,,,,,,,,,,,,,,,,,,,,,,,
,,,,,0,,0,,39,,11,,12,,10,,12,,11,,12,,10,,11,,18,,13,,13,,12,,12,,9,,10,,10,,5,,5,,13,,12,,10,,8,,11,,7,,27,,14,,7,,8,,12,,13,,7,,8,,18,,21,,,# of keywords with positive movement,
,,,,,9,,8,,9,,29,,29,,25,,31,,29,,29,,31,,36,,28,,38,,31,,34,,36,,36,,36,,38,,39,,34,,37,,36,,36,,34,,45,,42,,20,,25,,36,,36,,39,,29,,44,,33,,37,,24,,,# of keywords with No movement,
,,,,,2,,3,,1,,9,,9,,14,,6,,9,,7,,8,,4,,19,,11,,17,,13,,11,,14,,14,,12,,16,,19,,9,,12,,9,,16,,4,,11,,13,,20,,16,,15,,8,,17,,8,,18,,4,,17,,,# of keywords with negative movement,
,,,,,11,,11,,53,,53,,53,,53,,53,,53,,53,,53,,67,,72,,72,,72,,72,,72,,73,,73,,73,,73,,73,,73,,74,,73,,73,,73,,73,,73,,73,,73,,73,,73,,73,,73,,73,,73,,73,,,Total # of keywords,
,,,,,,,,,,,,,,,,,,,,,,,,,,,,,,,,,,,,,,,,,,,,,,,,,,,,,,,,,,,,,,,,,,,,,,,,,,,,,,,,,
Sno,URLs,Keywords,SV,KD,2026 Wk1,AIO,2026 Wk2,AIO,2026 Wk3,AIO,2026 Wk4,AIO,2026 Wk5,AIO,2026 Wk6,AIO,2026 Wk7,AIO,2026 Wk8,AIO,2026 Wk9,AIO,2026 Wk10,AIO,2026 Wk11,AIO,2026 Wk12,AIO,2026 Wk13,AIO,2026 Wk14,AIO,2026 Wk15,AIO,2026 Wk16,AIO,2026 Wk17,AIO,2026 Wk18,AIO,2026 Wk19,AIO,2026 Wk20,AIO,2026 Wk21,AIO,2026 Wk22,AIO,2026 Wk23,AIO,2026 Wk24,AIO,2026 Wk25,AIO,2026 Wk26,AIO,2026 Wk27,AIO,2026 Wk28,AIO,2026 Wk29,AIO,2026 Wk30,AIO,2026 Wk31,AIO,2026 Wk32,AIO,2026 Wk33,AIO,2026 Wk34,AIO,2026 Wk35,AIO,2026 Wk36,AIO Wk 36,2026 Wk37,AIO Wk 37,Trendline,Current vs Previous week,Baseline vs Current Week
1,https://www.fortinet.com/resources/articles/kinsing-dark-iot-botnet,Kinsing And Dark Iot Botnet,0,18,1,No,1,NA,1,No,1,No,1,No,1,No,1,No,1,No,1,No,1,No,1,No,1,No,1,No,1,No,1,No,1,No,1,No,1,No,1,No,1,No,1,No,1,No,1,No,1,No,1,No,1,No,1,No,1,No,1,No,1,No,1,No,1,No,1,No,1,No,1,No,1,No,1,No,,0,0
2,https://www.fortinet.com/resources/articles/sysrv-hello,Sysrv - Hello,0,6,1,No,1,NA,1,No,1,No,1,No,1,No,1,No,1,No,1,No,1,No,1,No,1,No,1,No,1,No,1,No,1,No,1,No,1,No,1,No,1,No,1,No,1,No,1,No,1,No,1,No,1,No,1,No,1,No,1,No,1,No,1,No,1,No,1,No,1,No,1,No,1,No,1,No,,0,0
3,https://www.fortinet.com/resources/articles/top-cloud-security-solutions,Cloud Security Solutions,5400,53,22,No,83,No,55,No,23,No,32,No,38,No,38,No,27,No,23,No,41,No,17,No,16,No,13,No,1,No,10,No,13,No,8,No,18,No,15,No,12,No,12,No,7,Yes,10,Yes,6,No,4,Yes,4,No,5,No,13,No,10,No,8,No,9,No,8,No,7,No,10,No,17,No,12,No,13,No,,-1,-5
4,https://www.fortinet.com/resources/articles/carbine-loader-cryptojacking,Carbine Cryptojacking CampAIgn,10,16,1,No,1,NA,1,No,1,No,1,No,1,No,1,No,1,No,1,No,1,No,1,No,1,No,1,No,1,No,1,No,1,No,1,No,1,No,1,No,1,No,1,No,1,No,1,No,1,No,1,No,1,No,1,No,1,No,1,No,1,No,1,No,1,No,7,No,10,No,7,No,8,No,1,No,,7,-7
5,https://www.fortinet.com/resources/articles/androxgh0st-the-python-malware-exploiting-your-aws-keys,Androxgh0St – The Python Malware Exploiting Your Aws Keys,0,4,1,No,1,Yes,1,No,1,No,1,No,1,No,1,No,1,No,1,No,1,No,1,No,1,No,1,No,1,No,1,No,1,No,1,No,1,No,1,No,1,No,1,No,1,No,1,No,1,No,1,No,1,No,1,No,1,No,1,No,1,No,1,No,1,No,1,No,1,No,1,No,1,No,1,No,,0,0
6,https://www.fortinet.com/resources/articles/cybersecurity-incident-management,Cybersecurity Incident Management,20,44,,,,,1,No,1,No,1,No,1,No,1,No,1,No,1,No,1,No,1,No,1,No,1,No,1,No,1,No,1,No,1,No,1,No,1,No,1,No,1,No,1,No,1,No,1,No,1,No,1,No,1,No,1,No,1,No,1,No,1,No,1,No,1,No,1,No,1,No,1,No,2,No,,-1,0
7,https://www.fortinet.com/resources/articles/dlp-security-checklist,Dlp Security Checklist,0,16,,,,,1,No,1,No,1,No,1,No,1,No,1,No,1,No,1,No,1,No,1,No,1,No,1,No,1,No,1,No,1,No,1,No,1,No,1,No,1,No,1,No,1,No,1,Yes,1,No,1,No,1,No,1,No,1,No,1,No,1,No,1,No,1,No,1,No,1,No,1,No,1,No,,0,0
8,https://www.fortinet.com/resources/articles/new-data-breach-rules-for-nonbanking-financial-institutions,New Data Breach Rules For Nonbanking Financial Institutions,0,7,,,,,2,No,2,No,2,No,2,No,2,No,2,No,2,No,1,No,2,No,2,No,2,No,2,No,2,No,2,No,2,No,2,No,2,No,2,No,2,No,2,No,2,No,2,No,2,No,2,No,1,No,1,No,1,No,2,No,2,No,2,No,2,No,2,No,2,No,2,No,1,No,,1,0
9,https://www.fortinet.com/resources/articles/penalties-for-hipaa-violations-and-noncompliance,Penalties For Hipaa Violations And Noncompliance,0,56,,,,,4,No,5,No,5,No,4,No,4,No,4,No,4,No,5,No,4,No,5,No,5,No,5,No,4,No,5,No,4,No,4,No,4,No,4,No,4,No,4,No,4,No,4,No,4,No,4,No,3,No,1,No,3,No,3,No,3,No,3,No,3,No,3,No,4,No,3,No,4,No,,-1,1
10,https://www.fortinet.com/resources/articles/changes-to-iso-27001-2022,Changes To Iso 27001 2022,0,34,,,,,1,No,1,No,6,No,1,No,1,No,6,No,1,No,1,No,1,No,6,No,1,No,9,No,1,No,5,No,9,No,7,No,1,No,6,No,1,No,1,No,8,No,7,No,5,No,5,No,5,No,1,No,1,No,6,No,6,No,6,No,8,No,7,No,7,No,3,No,3,No,,0,-2
11,https://www.fortinet.com/resources/articles/how-to-conduct-a-hipaa-compliance-audit,How To Conduct A Hipaa Compliance Audit,0,25,,,,,3,No,3,No,3,No,3,No,3,No,3,No,2,No,2,No,2,No,3,No,3,No,2,No,2,No,3,No,3,No,2,No,2,No,2,No,1,No,1,No,3,No,1,No,2,No,2,No,2,No,1,No,2,No,2,No,2,No,2,No,2,No,3,No,3,No,3,No,2,No,,1,-2
12,https://www.fortinet.com/resources/articles/how-to-implement-a-dlp-strategy,How To Implement A Dlp Strategy,0,26,,,,,2,No,2,No,2,No,2,No,1,No,2,No,2,No,2,No,2,No,2,No,2,No,2,No,1,No,2,No,2,No,2,No,2,No,2,No,2,No,2,No,2,No,2,No,2,No,2,No,2,No,1,No,2,No,2,No,2,No,2,No,2,No,2,No,2,No,2,No,2,No,,0,0
13,https://www.fortinet.com/resources/articles/addressing-bias-insider-risk-monitoring,Addressing Bias Insider Risk Monitoring,0,16,,,,,1,No,1,No,1,No,1,No,2,No,1,No,1,No,1,No,1,No,1,No,1,No,1,No,1,No,1,No,2,No,1,No,1,No,1,No,1,No,1,No,1,No,1,Yes,1,No,1,No,1,No,1,No,1,No,1,No,1,No,1,No,1,No,1,No,1,No,1,No,1,No,,0,0
14,https://www.fortinet.com/resources/articles/dlp-software-solution-considerations,Dlp Software Solution Considerations,0,22,,,,,1,No,1,No,1,No,1,No,1,No,1,No,1,No,1,No,1,No,1,No,1,No,1,No,1,No,1,No,1,No,1,No,1,No,1,No,1,No,1,No,1,No,1,Yes,1,No,1,No,1,No,1,No,1,No,1,No,1,No,1,No,1,No,1,No,1,No,1,No,1,No,,0,0
15,https://www.fortinet.com/resources/articles/hipaa-compliance-checklist,Hipaa Compliance Checklist,1300,28,,,,,6,No,5,No,4,No,1,No,1,No,1,No,1,No,2,No,1,No,2,No,3,Yes,2,Yes,2,Yes,1,Yes,1,Yes,2,Yes,2,Yes,2,Yes,2,Yes,2,Yes,2,Yes,2,Yes,2,Yes,2,Yes,4,Yes,1,Yes,2,Yes,2,Yes,2,Yes,2,Yes,3,No,3,No,3,No,3,No,2,Yes,,1,-1
16,https://www.fortinet.com/resources/articles/hipaa-compliant-telehealth-platforms,Hipaa Compliant Telehealth Platforms,720,36,,,,,1,No,1,No,1,No,1,No,1,No,2,No,1,No,2,No,2,No,2,No,3,No,2,No,2,No,2,No,1,No,2,No,2,No,1,No,2,No,2,No,2,No,1,Yes,2,Yes,2,Yes,1,Yes,2,Yes,1,Yes,1,Yes,2,Yes,1,Yes,2,Yes,2,Yes,2,Yes,2,Yes,2,Yes,,0,0
17,https://www.fortinet.com/resources/articles/hipaa-compliant-video-conferencing-platforms,Hipaa Compliant Video Conferencing,590,36,,,,,2,No,3,No,3,No,2,No,2,No,2,No,1,No,1,No,2,No,1,No,1,No,2,No,2,Yes,1,Yes,1,Yes,1,Yes,1,Yes,1,Yes,2,Yes,1,Yes,1,Yes,1,No,1,Yes,1,Yes,1,Yes,1,Yes,1,Yes,1,No,1,No,1,No,1,Yes,1,Yes,2,Yes,2,Yes,1,No,,1,-1
18,https://www.fortinet.com/resources/articles/is-aws-hipaa-compliant,Aws Hipaa Compliance,480,40,,,,,15,No,14,No,9,No,10,No,10,No,9,No,8,No,7,No,9,No,8,No,9,No,6,No,6,No,6,No,7,No,7,No,5,No,7,No,9,No,10,No,10,No,9,No,9,No,9,No,8,No,6,No,8,No,9,No,10,No,9,No,2,No,2,No,2,No,1,No,10,No,,-9,9
19,https://www.fortinet.com/resources/articles/is-dropbox-hipaa-compliant,Is Dropbox Hipaa Compliant,590,20,,,,,9,No,6,No,8,No,9,No,8,No,6,No,1,No,4,No,4,No,6,No,6,No,9,No,9,No,8,No,7,No,7,No,7,No,7,No,8,No,8,No,8,No,8,Yes,9,No,8,No,8,No,8,No,7,No,8,No,7,No,7,No,9,No,9,No,8,No,10,No,8,No,,2,-2
20,https://www.fortinet.com/resources/articles/is-google-drive-hipaa-compliant,Is Google Drive Hipaa Compliant,590,30,,,,,8,Yes,8,Yes,2,Yes,1,Yes,1,Yes,6,Yes,7,Yes,1,Yes,1,Yes,9,Yes,3,Yes,2,Yes,6,Yes,1,Yes,2,Yes,1,Yes,3,Yes,3,Yes,5,Yes,4,Yes,2,Yes,6,Yes,7,Yes,7,Yes,7,Yes,1,Yes,5,Yes,8,Yes,6,Yes,2,Yes,8,No,8,No,8,No,8,No,2,Yes,,6,-4
21,https://www.fortinet.com/resources/articles/is-whatsapp-hipaa-compliant,Is Whatsapp Hipaa Compliant,480,11,,,,,1,Yes,1,Yes,4,Yes,6,Yes,3,Yes,4,Yes,5,Yes,5,Yes,3,No,1,No,5,No,4,No,4,No,2,No,2,No,5,No,4,No,5,No,5,No,4,No,3,No,3,No,4,No,4,No,4,Yes,2,Yes,4,Yes,3,Yes,5,Yes,4,Yes,2,Yes,2,Yes,4,Yes,3,Yes,3,Yes,,0,1
22,https://www.fortinet.com/resources/articles/key-benefits-of-effective-endpoint-dlp,Key Benefits Of Effective Endpoint Dlp,0,22,,,,,1,No,1,No,1,No,1,No,1,No,1,No,1,No,1,No,1,No,1,No,1,No,1,No,1,No,1,No,1,No,1,No,1,No,1,No,1,No,1,No,1,No,1,No,1,No,1,No,1,No,2,No,1,No,1,No,1,No,1,No,2,No,3,No,4,No,3,No,1,No,,2,-2
23,https://www.fortinet.com/resources/articles/strategies-to-defend-against-insider-threats,Strategies To Defend AgAInst Insider Threats,0,23,,,,,2,No,2,No,2,No,2,No,2,No,2,No,2,No,1,No,1,No,2,No,1,No,2,No,1,No,1,No,2,No,2,No,2,No,1,No,1,No,1,No,2,No,2,No,1,No,2,No,2,No,5,No,2,No,2,No,2,No,2,No,4,Yes,3,Yes,3,Yes,3,Yes,3,No,,0,-2
24,https://www.fortinet.com/resources/articles/credential-compromise-attacks,Credential Compromise Attacks,0,37,,,,,1,No,1,No,1,No,2,No,2,No,1,No,3,No,2,No,2,No,3,No,2,No,1,No,2,No,2,No,1,No,2,No,2,No,2,No,2,No,2,No,2,No,2,No,4,No,2,No,2,No,3,No,2,No,3,No,2,No,2,No,2,No,2,No,2,No,2,No,2,No,,0,0
25,https://www.fortinet.com/resources/articles/how-do-i-achieve-cyber-security-compliance,How Do I Achieve Cyber Security Compliance,0,27,,,,,2,No,1,No,1,No,1,No,1,No,1,No,1,No,1,No,1,No,1,No,1,No,1,No,1,No,1,No,1,No,1,No,1,No,1,No,1,No,1,No,1,No,1,Yes,1,No,1,No,1,No,2,No,1,No,1,No,1,No,1,No,1,No,1,No,1,No,1,No,2,No,,-1,0
26,https://www.fortinet.com/resources/articles/is-microsoft-teams-hipaa-compliant,Is Microsoft Teams Hipaa Compliant,480,15,,,,,7,No,8,No,5,No,7,No,7,No,1,No,1,No,1,No,1,No,1,No,1,No,5,Yes,4,Yes,1,Yes,2,Yes,1,Yes,1,Yes,2,Yes,3,Yes,9,No,7,No,8,No,8,No,8,No,8,No,1,No,7,No,9,Yes,9,Yes,7,Yes,5,No,5,No,6,No,5,No,7,Yes,,-2,4
27,https://www.fortinet.com/resources/articles/common-hipaa-violations,Common Hipaa Violations,170,22,,,,,10,No,9,No,5,No,8,No,7,No,1,No,1,No,3,No,1,No,6,No,1,No,2,No,1,No,2,Yes,3,Yes,1,Yes,1,Yes,1,Yes,1,Yes,1,Yes,1,Yes,2,No,4,Yes,1,Yes,2,Yes,2,Yes,2,Yes,3,Yes,2,No,2,No,3,No,3,No,3,No,3,No,1,No,,2,-2
28,https://www.fortinet.com/resources/articles/cloud-identity-attacks-are-gaining-traction,Cloud Identity Attacks Are GAIning Traction,0,22,,,,,1,No,1,No,1,No,1,No,1,No,1,No,1,No,1,No,1,No,1,No,1,No,1,No,1,No,1,No,1,No,1,No,1,No,1,No,1,No,1,No,1,No,1,No,1,No,1,No,1,No,1,No,1,No,1,No,1,No,1,No,1,No,1,No,1,No,1,No,1,No,,0,0
29,https://www.fortinet.com/resources/articles/is-gmail-hipaa-compliant,Is GmAIl Hipaa Compliant,720,19,,,,,6,No,5,No,3,No,5,No,1,No,6,No,5,No,5,No,4,No,6,No,1,No,2,No,4,No,2,No,2,No,2,No,2,No,3,No,4,No,5,No,2,Yes,3,Yes,5,Yes,4,Yes,4,Yes,2,Yes,3,Yes,4,Yes,6,No,5,No,4,No,3,No,4,No,4,No,4,No,,0,1
30,https://www.fortinet.com/resources/articles/is-google-voice-hipaa-compliant,Is Google Voice Hipaa Compliant,590,14,,,,,1,No,6,No,7,Yes,5,Yes,5,Yes,8,Yes,1,Yes,6,Yes,4,Yes,3,Yes,2,Yes,4,No,6,No,4,No,4,No,5,No,5,No,5,No,8,No,6,Yes,6,Yes,5,No,7,Yes,6,Yes,7,Yes,4,Yes,7,Yes,7,No,7,No,7,No,7,Yes,8,Yes,7,Yes,6,Yes,6,No,,0,0
31,https://www.fortinet.com/resources/articles/is-slack-hipaa-compliant,Is Slack Hipaa Compliant,320,23,,,,,10,Yes,8,Yes,13,Yes,7,Yes,11,No,11,No,12,No,2,No,2,No,5,No,4,No,3,No,5,No,5,No,5,No,6,No,5,No,5,No,2,No,5,No,4,No,5,No,4,No,3,No,2,No,5,No,4,No,3,No,6,No,3,No,6,No,6,No,8,No,6,No,7,No,,-1,-1
32,https://www.fortinet.com/resources/articles/groundhog-botnet,Groundhog Botnet,0,14,,,,,1,No,1,No,1,No,1,No,1,No,1,No,1,No,1,No,1,No,1,No,1,No,1,No,1,No,1,No,1,No,1,No,1,No,1,No,1,No,1,No,1,No,1,No,1,No,1,No,1,No,1,No,1,No,1,No,1,No,1,No,1,No,1,No,1,No,1,No,1,No,,0,0
33,https://www.fortinet.com/resources/articles/xz-utils-vulnerability,XZ Utils Vulnerability,50,47,,,,,20,No,15,No,14,No,14,No,14,No,14,No,-,No,7,No,11,No,11,No,11,No,11,No,9,No,14,No,10,No,11,No,16,No,12,No,12,No,12,No,13,No,13,No,13,No,13,No,13,No,14,No,10,No,11,No,14,No,11,No,3,No,3,No,1,No,1,No,12,No,,-11,11
34,https://www.fortinet.com/resources/articles/detecting-ai-resource-hijacking-with-composite-alerts,Detecting AI Resource Hijacking With Composite Alerts,0,7,,,,,1,No,1,No,1,No,-,No,-,No,-,No,-,No,-,No,1,No,1,No,1,No,1,No,1,No,1,No,1,No,1,No,1,No,1,No,1,No,1,No,1,No,1,No,1,No,1,No,1,No,2,No,1,No,1,No,1,No,1,No,1,No,1,No,1,No,1,No,1,No,,0,0
35,https://www.fortinet.com/resources/articles/is-docusign-hipaa-compliant,Is Docusign Hipaa Compliant,480,35,,,,,4,Yes,3,Yes,1,Yes,4,Yes,3,Yes,1,Yes,1,Yes,1,Yes,1,Yes,1,Yes,1,Yes,3,Yes,1,Yes,1,Yes,1,Yes,1,Yes,1,Yes,2,Yes,4,Yes,4,Yes,3,Yes,5,Yes,5,Yes,5,No,6,No,1,No,5,No,4,No,1,No,1,No,5,No,3,No,6,No,4,No,1,Yes,,3,0
36,https://www.fortinet.com/resources/articles/is-efax-hipaa-compliant,Is Efax Hipaa Compliant,140,25,,,,,4,Yes,7,Yes,4,Yes,5,Yes,4,Yes,3,Yes,3,Yes,3,Yes,1,Yes,1,Yes,1,Yes,1,Yes,1,Yes,3,Yes,2,Yes,2,Yes,2,Yes,5,Yes,4,Yes,3,Yes,3,Yes,5,Yes,6,Yes,5,No,5,No,3,No,1,No,1,No,5,No,3,No,7,No,9,No,7,No,7,No,4,No,,3,-4
37,https://www.fortinet.com/resources/articles/is-facetime-hipaa-compliant,Is Facetime Hipaa Compliant,320,11,,,,,1,Yes,3,Yes,1,Yes,1,Yes,2,Yes,2,Yes,1,Yes,1,Yes,1,Yes,1,Yes,1,Yes,2,Yes,2,Yes,1,Yes,1,Yes,1,Yes,1,Yes,1,Yes,4,Yes,3,Yes,1,Yes,3,No,2,No,2,No,3,No,1,No,3,No,1,No,1,No,1,No,7,No,7,No,8,No,7,No,1,Yes,,6,-4
38,https://www.fortinet.com/resources/articles/how-to-become-hipaa-compliant,How To Become Hipaa Compliant,320,43,,,,,1,No,3,No,3,Yes,4,Yes,1,Yes,1,Yes,1,Yes,1,Yes,1,Yes,1,Yes,4,Yes,6,Yes,5,Yes,4,Yes,5,Yes,5,Yes,4,Yes,3,Yes,4,Yes,1,No,1,No,1,No,2,No,1,No,1,No,4,No,1,Yes,1,Yes,1,Yes,1,Yes,3,No,3,No,2,No,2,No,1,Yes,,1,-1
39,https://www.fortinet.com/resources/articles/how-to-implement-cnapp,Implementing cnapp,0,9,,,,,,,,,,,,,,,,,,,,,-,No,1,No,1,No,2,No,2,No,2,No,1,No,2,No,2,No,2,No,3,No,1,No,2,No,1,No,2,No,1,No,1,No,1,No,1,No,1,No,1,No,1,No,1,No,1,No,1,No,1,No,14,No,,-13,0
40,https://www.fortinet.com/resources/articles/defending-against-zero-day-and-bot-attacks,defense against zero day attackshow to prevent bot attacks,0,16,,,,,,,,,,,,,,,,,,,,,-,No,1,No,1,No,1,No,1,No,1,No,1,No,1,No,1,No,1,No,1,No,1,No,1,No,1,No,1,No,1,No,1,No,1,No,1,No,1,No,1,No,1,No,1,No,1,No,1,No,1,No,1,No,,0,0
41,https://www.fortinet.com/resources/articles/fortiweb-waf-transformed-ecommerce-security,How FortiWeb WAF Transformed E-Commerce Security and Performance,0,0,,,,,,,,,,,,,,,,,,,,,-,No,1,No,1,No,1,No,1,No,1,No,1,No,1,No,1,No,1,No,1,No,1,No,1,No,1,No,1,No,1,No,1,No,1,No,1,No,1,No,1,No,1,No,1,No,1,No,1,No,1,No,1,No,,0,0
42,https://www.fortinet.com/resources/articles/reduce-mttr-secops-use-cases,SecOps use cases to reduce MTTR,0,10,,,,,,,,,,,,,,,,,,,,,-,No,1,No,1,No,1,No,1,No,1,No,1,No,1,No,1,No,1,No,1,No,1,No,1,No,1,No,1,No,1,No,1,No,1,No,1,No,1,No,1,No,1,No,1,No,1,No,1,No,1,No,1,No,,0,0
43,https://www.fortinet.com/resources/articles/crypto-agility-quantum-readiness,Crypto-Agility For Quantum Readiness,0,16,,,,,,,,,,,,,,,,,,,,,-,No,1,No,1,No,1,No,1,No,1,No,1,No,1,No,1,No,1,No,1,No,1,No,1,No,1,No,1,No,1,No,1,No,1,No,1,No,1,No,1,No,1,No,1,No,1,No,1,No,1,No,5,No,,-4,0
44,https://www.fortinet.com/resources/articles/automated-ransomware-response,Automated ransomware response playbook,0,11,,,,,,,,,,,,,,,,,,,,,,,1,No,1,No,1,,1,No,1,No,1,No,1,No,1,No,1,No,1,No,1,No,3,No,1,No,1,No,1,No,2,No,1,No,1,No,1,No,1,No,1,No,1,No,1,No,1,No,1,No,1,No,,0,0
45,https://www.fortinet.com/resources/articles/post-quantum-cryptography-preparation,post-quantum cryptography plan,0,48,,,,,,,,,,,,,,,,,,,,,,,1,No,2,No,2,,3,No,3,No,2,No,1,No,1,No,2,No,3,No,2,No,3,No,3,No,2,No,2,No,3,No,1,No,3,No,1,No,3,No,3,No,1,No,1,Yes,2,Yes,1,Yes,12,No,,-11,1
46,https://www.fortinet.com/resources/articles/redis-rush,Redis Rush,0,0,1,No,1,NA,1,No,1,No,1,No,1,No,1,No,1,No,1,No,1,No,1,No,1,No,1,No,1,No,1,No,1,No,1,No,1,No,1,No,1,No,1,No,1,No,1,No,1,No,1,No,1,No,1,No,1,No,1,No,1,No,1,No,1,No,5,No,5,No,5,No,5,No,2,No,,3,-4
47,https://www.fortinet.com/resources/articles/keksec-tsunami-ryuk,Keksec &Tsunami-Ryuk,0,3,1,No,2,NA,2,No,1,No,1,No,1,No,1,No,1,No,1,No,1,No,1,No,1,No,1,No,1,No,1,No,1,No,1,No,1,No,1,No,1,No,1,No,1,No,1,No,1,No,1,No,1,No,1,No,1,No,1,No,1,No,1,No,1,No,1,Yes,1,Yes,1,Yes,1,Yes,1,No,,0,0
48,https://www.fortinet.com/resources/articles/watchdog-smuggles-malware,Watchdog Smuggles Malware,0,3,1,No,1,NA,1,No,1,No,1,No,1,No,1,No,1,No,1,No,1,No,1,No,1,No,1,No,1,No,1,No,1,No,1,No,1,No,1,No,1,No,1,No,1,No,1,No,1,No,1,No,1,No,1,No,3,No,1,No,1,No,1,No,1,No,1,Yes,1,Yes,1,Yes,1,Yes,1,No,,0,0
49,https://www.fortinet.com/resources/articles/best-cloud-security-providers,Cloud Security Providers,590,30,4,No,6,Yes,7,No,8,No,9,No,8,No,9,No,6,No,7,No,2,No,2,No,8,No,10,No,9,No,8,No,8,No,9,No,8,No,10,No,7,No,8,No,4,No,4,No,2,No,3,No,3,No,3,No,8,No,8,No,8,No,4,No,8,No,11,No,11,No,12,No,11,No,10,No,,1,-7
50,https://www.fortinet.com/resources/articles/is-google-meet-hipaa-compliant,Is Google Meet Hipaa Compliant,880,1,,,,,1,No,1,No,2,No,4,No,2,No,2,Yes,1,Yes,1,Yes,1,Yes,2,Yes,2,Yes,2,Yes,3,Yes,1,Yes,1,Yes,2,Yes,2,Yes,1,Yes,1,Yes,1,Yes,3,Yes,2,No,2,Yes,2,Yes,3,Yes,1,Yes,3,Yes,4,Yes,3,Yes,4,No,2,No,2,No,2,No,2,No,3,No,,-1,-1
51,https://www.fortinet.com/resources/articles/steps-to-building-effective-insider-risk-management-program,Steps To Building Effective Insider Risk Management Program,0,20,,,,,1,No,1,No,1,No,2,No,1,No,1,No,3,No,1,No,1,No,2,No,4,No,1,No,2,No,17,No,5,No,4,No,23,No,23,No,23,No,21,No,19,No,-,No,-,No,17,No,20,No,5,No,19,No,21,No,25,No,30,No,28,No,5,No,18,No,15,No,30,No,,-15,6
52,https://www.fortinet.com/resources/articles/hipaa-compliant-cloud-storage-providers,Hipaa Compliant Cloud Storage Providers,10,44,,,,,2,No,2,No,2,No,1,No,5,No,1,No,1,No,1,No,1,No,6,No,4,No,5,No,3,No,3,No,3,No,3,No,4,No,4,No,4,No,4,No,6,No,-,No,-,No,8,No,8,No,3,No,8,No,6,No,6,No,5,No,6,No,4,No,5,No,5,No,7,No,,-2,-1
53,https://www.fortinet.com/resources/articles/is-zoom-hipaa-compliant,Is Zoom Hipaa Compliant,1300,21,,,,,1,Yes,3,Yes,4,Yes,1,Yes,3,Yes,7,Yes,1,Yes,3,Yes,3,Yes,6,Yes,5,Yes,7,Yes,4,Yes,2,Yes,4,No,3,No,2,No,3,No,6,No,4,No,3,No,3,No,3,Yes,4,Yes,3,Yes,2,Yes,6,Yes,5,Yes,5,Yes,6,Yes,5,No,5,No,6,No,5,No,6,No,,-1,-1
54,https://www.fortinet.com/resources/cyberglossary/aaa-security,It Security And Segregation Of Duties,0,24,,,,,-,No,-,No,-,No,-,No,-,No,-,No,-,No,-,No,-,No,-,No,-,No,-,No,-,No,-,No,-,No,-,No,-,No,-,No,-,No,-,No,-,No,-,No,-,No,-,No,-,No,-,No,-,No,-,No,-,No,-,No,-,No,-,No,-,No,-,No,-,No,#N/A,#VALUE!,#VALUE!
55,https://www.fortinet.com/resources/articles/is-google-docs-hipaa-compliant,Is Google Docs Hipaa Compliant,210,4,,,,,6,No,6,No,4,No,6,No,1,No,1,Yes,1,Yes,1,Yes,1,Yes,1,Yes,1,Yes,1,Yes,1,Yes,1,Yes,1,Yes,7,Yes,5,Yes,6,Yes,7,Yes,4,Yes,4,Yes,-,Yes,4,Yes,4,Yes,4,Yes,1,Yes,4,Yes,6,Yes,6,Yes,8,No,5,Yes,5,Yes,6,Yes,7,Yes,6,No,,1,-3
56,https://www.fortinet.com/resources/articles/hipaa-compliance-and-privacy-for-employers,Hipaa Compliance And Privacy For Employers,0,9,,,,,-,No,-,No,4,No,4,No,3,No,4,No,4,No,4,No,3,No,5,No,4,No,-,No,-,No,-,No,-,No,-,No,-,No,-,No,-,No,-,No,-,No,-,No,-,No,-,No,-,No,-,No,-,No,-,No,-,No,-,No,-,No,-,No,-,No,-,No,-,No,,#VALUE!,#VALUE!
57,https://www.fortinet.com/resources/articles/navigating-the-paradox-of-insiders,Taking Teamtnt Docker Images Offline,0,20,,,,,-,No,-,No,-,No,-,No,-,No,-,No,-,No,-,No,-,No,1,No,-,No,-,No,-,No,-,No,-,No,-,No,-,No,-,No,-,No,-,No,-,No,-,No,-,No,-,No,-,No,-,No,-,No,-,No,-,No,-,No,-,No,-,No,-,No,-,No,-,No,#N/A,#VALUE!,#VALUE!
58,https://www.fortinet.com/resources/articles/what-is-q-day,what is q-day,40,27,,,,,,,,,,,,,,,,,,,,,-,No,7,No,1,No,2,No,3,No,4,No,7,No,6,No,2,No,4,No,3,No,2,No,3,No,3,No,3,No,3,No,3,No,1,No,3,No,3,No,1,No,3,No,3,No,3,No,8,No,3,No,5,Yes,,-2,-1
59,https://www.fortinet.com/resources/articles/sase-for-hybrid-workforces,sase implementation,320,49,,,,,,,,,,,,,,,,,,,,,-,No,-,No,-,No,-,No,-,No,-,No,-,No,-,No,-,No,-,No,-,No,-,No,-,No,-,No,-,No,-,No,-,No,-,No,-,No,-,No,-,No,-,No,-,No,-,No,-,No,-,No,-,No,#N/A,#VALUE!,#VALUE!
60,https://www.fortinet.com/resources/articles/steps-to-evaluate-sase-vendors,SASE Vendors,880,23,,,,,,,,,,,,,,,,,,,,,-,No,-,No,-,No,-,No,-,No,-,No,-,No,-,No,-,No,-,No,-,No,-,No,-,No,-,No,-,No,-,No,-,No,-,No,-,No,-,No,-,No,-,No,-,No,-,No,-,No,-,No,-,No,#N/A,#VALUE!,#VALUE!
61,https://www.fortinet.com/resources/articles/how-sase-secures-remote-branch-users,SASE Solutions,1900,66,,,,,,,,,,,,,,,,,,,,,-,No,65,No,-,No,-,No,-,No,-,No,-,No,-,No,-,No,-,No,-,No,-,No,-,No,-,No,-,No,-,No,-,No,-,No,-,No,-,No,-,No,-,No,-,No,-,No,-,No,-,No,-,No,#N/A,#VALUE!,#VALUE!
62,https://www.fortinet.com/resources/articles/sase-replaces-vpns,SASE vpn,390,55,,,,,,,,,,,,,,,,,,,,,-,No,8,No,9,No,6,No,18,No,18,No,3,No,3,No,3,No,23,No,1,No,8,No,4,No,7,No,4,No,4,No,8,No,4,No,4,No,4,Yes,4,Yes,7,Yes,3,Yes,7,Yes,5,Yes,8,Yes,2,Yes,,6,0
63,https://www.fortinet.com/resources/articles/protect-aws-workloads,securing aws workloads /aws protection,10,16,,,,,,,,,,,,,,,,,,,,,-,No,3,No,3,No,4,No,-,No,-,No,-,No,-,No,-,No,-,No,-,No,-,No,-,No,-,No,-,No,-,No,-,No,-,No,-,No,-,No,-,No,-,No,-,No,-,No,-,No,-,No,-,No,,#VALUE!,#VALUE!
64,https://www.fortinet.com/resources/articles/deploying-secops-automation,secops automation,110,10,,,,,,,,,,,,,,,,,,,,,-,No,9,No,22,No,25,No,-,No,-,No,-,No,-,No,-,No,-,No,-,No,-,No,-,No,-,No,-,No,-,No,-,No,-,No,-,No,-,No,-,No,-,No,-,No,-,No,-,No,-,No,30,No,,#VALUE!,#VALUE!
65,https://www.fortinet.com/resources/articles/what-is-q-day,quantum day,480,34,,,,,,,,,,,,,,,,,,,,,-,No,-,No,-,No,-,No,-,No,-,No,-,No,-,No,-,No,-,No,-,No,-,No,-,No,-,No,-,No,-,No,-,No,-,No,-,No,-,No,-,No,-,No,-,No,-,No,-,No,-,No,17,No,#N/A,#VALUE!,#VALUE!
66,https://www.fortinet.com/resources/articles/secure-containers-kubernetes-multi-cloud,Securing containers and kubernetes,0,27,,,,,,,,,,,,,,,,,,,,,,,81,No,-,No,-,,-,No,-,No,-,No,-,No,-,No,-,No,-,No,-,No,-,No,-,No,-,No,-,No,-,No,-,No,-,No,-,No,-,No,-,No,-,No,-,No,-,No,-,No,28,No,,#VALUE!,#VALUE!
67,https://www.fortinet.com/resources/articles/automate-security-operations-with-soar,Automating security operations,0,11,,,,,,,,,,,,,,,,,,,,,,,-,No,-,No,-,,-,No,-,No,-,No,-,No,-,No,-,No,-,No,-,No,-,No,-,No,-,No,-,No,-,No,-,Yes,-,Yes,-,Yes,-,Yes,-,Yes,-,No,-,No,-,No,-,No,-,No,#N/A,#VALUE!,#VALUE!
68,https://www.fortinet.com/resources/articles/quantum-risk-assessment,quantum risk assessment,20,22,,,,,,,,,,,,,,,,,,,,,,,1,No,1,No,1,,4,No,13,No,1,No,1,No,1,No,1,No,1,No,4,No,4,No,-,No,2,No,1,No,1,No,1,No,1,No,1,No,4,No,4,No,3,No,3,No,3,No,1,No,2,No,,-1,3
69,https://www.fortinet.com/resources/articles/teamtnt-docker-images,Docker Images,4400,66,-,No,-,No,-,No,-,No,-,No,-,No,-,No,-,No,-,No,-,No,-,No,-,No,-,No,-,No,-,No,-,No,-,No,-,No,-,No,-,No,-,No,-,No,-,No,-,Yes,-,No,-,No,-,No,-,No,-,No,-,No,-,No,-,No,-,No,-,No,-,No,-,No,-,No,#N/A,#VALUE!,#VALUE!
70,https://www.fortinet.com/resources/articles/aws-credential-compromises-tied-to-grafana-ssrf-attacks,Grafana,33100,97,-,No,-,No,-,No,-,No,-,No,-,No,-,No,-,No,-,No,-,No,-,No,-,No,-,No,-,No,-,No,-,No,-,No,-,No,-,No,-,No,-,No,-,No,-,No,-,No,-,No,-,No,-,No,-,No,-,No,-,No,-,No,-,No,-,No,-,No,-,No,-,No,-,No,#N/A,#VALUE!,#VALUE!
71,https://www.fortinet.com/resources/articles/trends-in-s3-targeting,S3 Targeting,0,13,1,No,1,Yes,1,No,1,No,1,No,1,No,1,No,1,No,2,No,1,No,1,No,2,No,2,No,1,No,1,No,1,No,1,No,1,No,1,No,1,No,2,No,2,No,1,No,1,No,2,No,2,No,2,No,2,No,1,No,2,No,1,No,2,No,2,No,1,No,2,No,2,No,1,No,,1,0
72,https://www.fortinet.com/resources/articles/big-threats-small-signals,Find Big Cyber Threats With Small Signals,0,54,1,No,1,Yes,1,No,1,No,1,No,1,No,1,No,1,No,1,No,1,No,1,No,1,No,1,No,1,No,1,No,1,No,1,No,1,No,1,No,1,No,-,No,1,No,1,No,1,No,1,No,1,No,1,No,1,No,-,No,-,No,-,No,-,No,-,No,-,No,-,No,-,No,-,No,,#VALUE!,#VALUE!
73,https://www.fortinet.com/resources/articles/leading-ai-security-companies,leading ai security companies,0,22,,,,,,,,,,,,,,,,,,,,,,,,,,,,,,,,,-,No,4,No,7,No,8,No,-,No,-,No,-,No,-,No,5,No,5,No,4,No,3,No,5,No,6,No,8,No,7,No,7,No,8,No,7,No,7,No,7,No,,0,#VALUE!